0.39716,0.08932,-0.30497,1.00000,0.47008,-0.15593,-0.08614,0.99999,0.17908,0.19896,-0.29180,0.99862,0.27667,-0.13037,0.04919,0.10705,0.00808,0.11830,-0.23535,0.98814,0.10387,-0.14791,0.05438,0.10165,-0.04530,0.10070,-0.25271,0.96475,0.04443,-0.13098,0.07790,0.11189,-0.04278,0.06751,-0.26083,0.96333,0.03508,-0.13327,0.05389,0.11382,0.00172,0.09928,-0.23408,0.93890,0.08942,-0.14139,0.04536,0.12571,-0.04157,0.09034,-0.07239,1.00000,0.04197,-0.09054,0.07284,1.00000,-0.50096,0.12083,-0.17035,0.99204,0.02158,-0.39836,-0.06389,0.98489,-0.31057,0.46432,0.03625,0.87695,-0.37369,-0.26227,-0.06892,0.98332,-0.29648,0.50809,0.06026,0.83112,-0.42560,-0.25271,-0.06870,0.97008,-0.38296,0.55570,0.08986,0.84945,-0.51353,-0.34166,-0.07264,0.97571
0.40169,0.09408,-0.30414,1.00000,0.48171,-0.14482,-0.08576,0.99999,0.17509,0.19526,-0.29917,0.99857,0.27603,-0.12661,0.03505,0.11275,0.00622,0.11810,-0.28154,0.98827,0.09252,-0.14576,-0.01119,0.12111,-0.04560,0.10072,-0.30658,0.96542,0.02940,-0.13057,0.00073,0.13296,-0.04225,0.06809,-0.31020,0.96412,0.02457,-0.13212,-0.02826,0.13486,0.00101,0.09930,-0.27967,0.94013,0.07798,-0.13866,-0.02259,0.14521,-0.04113,0.09016,-0.07329,1.00000,0.04153,-0.09031,0.07387,1.00000,-0.48403,0.08985,-0.17436,0.99234,-0.00695,-0.40339,-0.02979,0.98568,-0.31063,0.46345,0.03429,0.88430,-0.38037,-0.27735,0.00478,0.98413,-0.29684,0.50822,0.05821,0.83973,-0.42965,-0.26873,0.00833,0.97165,-0.38192,0.55865,0.08828,0.85764,-0.52137,-0.36691,0.00780,0.97655
0.40476,0.09712,-0.29997,1.00000,0.48339,-0.14182,-0.08428,0.99999,0.17070,0.19532,-0.29895,0.99855,0.26699,-0.12644,0.01525,0.11967,0.00473,0.11850,-0.28842,0.98853,0.08148,-0.14580,-0.07301,0.14646,-0.04566,0.10075,-0.31359,0.96639,0.01752,-0.13118,-0.06775,0.16055,-0.04029,0.06897,-0.31755,0.96516,0.01773,-0.13246,-0.09530,0.16215,0.00079,0.10027,-0.28651,0.94187,0.06858,-0.13867,-0.08479,0.17091,-0.04017,0.09000,-0.07423,1.00000,0.04056,-0.09010,0.07487,1.00000,-0.47524,0.07965,-0.18024,0.99264,-0.01465,-0.40527,-0.01664,0.98622,-0.31020,0.46323,0.01693,0.89139,-0.38631,-0.28894,0.02634,0.98479,-0.29651,0.50877,0.03923,0.84871,-0.43405,-0.28127,0.02983,0.97311,-0.37175,0.56313,0.06820,0.86562,-0.52451,-0.38299,0.02609,0.97713
0.40461,0.10492,-0.29860,1.00000,0.48687,-0.13590,-0.08400,0.99999,0.16463,0.19934,-0.29897,0.99848,0.26693,-0.12584,0.01641,0.12520,0.00263,0.12006,-0.28642,0.98830,0.08201,-0.14723,-0.05130,0.16508,-0.04585,0.10143,-0.31068,0.96613,0.01956,-0.13625,-0.04258,0.17986,-0.03912,0.07114,-0.31450,0.96488,0.01861,-0.13613,-0.06967,0.18144,0.00015,0.10243,-0.28447,0.94143,0.06896,-0.13992,-0.06254,0.18958,-0.04018,0.08998,-0.07418,1.00000,0.04056,-0.09007,0.07483,1.00000,-0.47356,0.07944,-0.17994,0.99274,-0.01438,-0.40515,-0.01881,0.98671,-0.31023,0.46166,0.01806,0.89607,-0.38597,-0.29131,0.02661,0.98536,-0.29669,0.50822,0.04029,0.85468,-0.43384,-0.28463,0.03084,0.97442,-0.37111,0.56305,0.06897,0.87080,-0.52430,-0.38809,0.02797,0.97771
0.40451,0.10710,-0.29867,1.00000,0.48689,-0.13413,-0.08647,0.99999,0.16229,0.20020,-0.29994,0.99844,0.26579,-0.12587,0.01233,0.13021,-0.00037,0.12007,-0.29033,0.98813,0.07715,-0.14995,-0.05097,0.17987,-0.04706,0.10126,-0.31462,0.96592,0.01525,-0.14057,-0.04090,0.19534,-0.03915,0.07113,-0.31820,0.96466,0.01365,-0.14169,-0.06913,0.19679,-0.00169,0.10250,-0.28822,0.94114,0.06373,-0.14295,-0.06251,0.20462,-0.04001,0.08968,-0.07425,1.00000,0.04038,-0.08975,0.07491,1.00000,-0.47178,0.08045,-0.18464,0.99278,-0.01948,-0.40330,-0.00697,0.98676,-0.31007,0.46188,-0.00104,0.90035,-0.38789,-0.28984,0.04513,0.98551,-0.29650,0.50912,0.01974,0.86143,-0.43491,-0.28315,0.04977,0.97526,-0.36317,0.56675,0.05057,0.87561,-0.52399,-0.38502,0.05019,0.97746
0.40441,0.10930,-0.29836,1.00000,0.48871,-0.13192,-0.08872,0.99999,0.16181,0.20061,-0.29971,0.99837,0.26846,-0.12462,0.01442,0.13231,-0.00324,0.12013,-0.28961,0.98769,0.07843,-0.15012,-0.03845,0.18876,-0.04873,0.10127,-0.31367,0.96498,0.01661,-0.14134,-0.02559,0.20485,-0.03972,0.07138,-0.31738,0.96371,0.01447,-0.14359,-0.05209,0.20630,-0.00409,0.10269,-0.28748,0.93980,0.06498,-0.14348,-0.04923,0.21407,-0.03998,0.08955,-0.07419,1.00000,0.04035,-0.08960,0.07485,1.00000,-0.47152,0.08282,-0.18760,0.99252,-0.02358,-0.40145,-0.01024,0.98680,-0.30980,0.46293,-0.00811,0.90144,-0.39152,-0.28861,0.04078,0.98549,-0.29617,0.51077,0.01235,0.86546,-0.43803,-0.28186,0.04567,0.97598,-0.35685,0.56858,0.04160,0.87681,-0.52435,-0.38332,0.04376,0.97693
0.40435,0.11003,-0.29738,1.00000,0.48968,-0.12772,-0.08868,0.99999,0.16212,0.20136,-0.29753,0.99829,0.27186,-0.12246,0.02543,0.13420,-0.00481,0.12031,-0.28656,0.98719,0.08079,-0.15012,-0.02103,0.20046,-0.05037,0.10128,-0.31041,0.96389,0.01969,-0.14174,-0.00888,0.21715,-0.04043,0.07166,-0.31497,0.96259,0.01740,-0.14451,-0.04084,0.21868,-0.00555,0.10306,-0.28471,0.93833,0.06713,-0.14361,-0.03277,0.22655,-0.03969,0.08918,-0.07416,0.99999,0.04005,-0.08923,0.07484,1.00000,-0.46597,0.08416,-0.18854,0.99207,-0.02877,-0.40044,-0.00624,0.98656,-0.30196,0.46847,-0.01515,0.90221,-0.39632,-0.28811,0.05514,0.98528,-0.28731,0.51732,0.00444,0.86989,-0.44231,-0.28161,0.06089,0.97665,-0.33694,0.57864,0.03231,0.87738,-0.52601,-0.38450,0.05755,0.97603
0.40431,0.11066,-0.29706,1.00000,0.49091,-0.12633,-0.08885,0.99999,0.16239,0.20214,-0.29472,0.99823,0.27382,-0.12017,0.03213,0.13390,-0.00568,0.12025,-0.28460,0.98675,0.08185,-0.14996,-0.00470,0.20632,-0.05114,0.10081,-0.30742,0.96285,0.02139,-0.14170,0.00862,0.22369,-0.04067,0.07144,-0.31083,0.96152,0.01866,-0.14494,-0.02504,0.22531,-0.00636,0.10303,-0.28195,0.93702,0.06798,-0.14362,-0.01660,0.23315,-0.03968,0.08904,-0.07415,0.99999,0.04004,-0.08908,0.07483,1.00000,-0.46567,0.08545,-0.18843,0.99195,-0.02585,-0.39999,-0.00838,0.98662,-0.30220,0.46885,-0.01467,0.90383,-0.39560,-0.28863,0.04690,0.98540,-0.28761,0.51783,0.00524,0.87469,-0.44193,-0.28249,0.05202,0.97746,-0.33977,0.57962,0.03506,0.87891,-0.52565,-0.38742,0.04852,0.97571
0.40437,0.11114,-0.29503,1.00000,0.49060,-0.12594,-0.08846,0.99999,0.16227,0.20425,-0.28981,0.99816,0.27354,-0.11868,0.03501,0.13199,-0.00578,0.12025,-0.28203,0.98618,0.08272,-0.15009,-0.00274,0.20973,-0.05113,0.10014,-0.30453,0.96153,0.02394,-0.14262,0.00983,0.22839,-0.04013,0.07096,-0.30711,0.96021,0.02228,-0.14710,-0.02453,0.23015,-0.00635,0.10303,-0.27885,0.93538,0.06941,-0.14425,-0.01478,0.23787,-0.03959,0.08895,-0.07414,0.99999,0.03995,-0.08898,0.07481,1.00000,-0.46439,0.08773,-0.18835,0.99165,-0.02426,-0.39998,-0.00864,0.98653,-0.30086,0.46760,-0.01351,0.90418,-0.39539,-0.28853,0.04927,0.98537,-0.28618,0.51635,0.00680,0.87883,-0.44152,-0.28233,0.05485,0.97818,-0.33476,0.57919,0.03747,0.87912,-0.52525,-0.38836,0.04969,0.97509
0.40412,0.11401,-0.29328,1.00000,0.49132,-0.12259,-0.08844,0.99999,0.16194,0.20583,-0.28522,0.99804,0.28146,-0.11669,0.04450,0.13003,-0.00593,0.12042,-0.27552,0.98533,0.10366,-0.15185,0.02320,0.21128,-0.05117,0.10013,-0.29662,0.95957,0.04932,-0.14731,0.03777,0.23101,-0.03998,0.07108,-0.29985,0.95825,0.04574,-0.15275,0.00506,0.23300,-0.00642,0.10322,-0.27249,0.93277,0.09021,-0.14735,0.01156,0.24102,-0.03969,0.08887,-0.07390,0.99999,0.04005,-0.08889,0.07459,1.00000,-0.46475,0.08812,-0.18815,0.99087,-0.02334,-0.39997,-0.00967,0.98623,-0.30130,0.46424,-0.01271,0.90177,-0.39515,-0.28821,0.05023,0.98501,-0.28669,0.51246,0.00759,0.88134,-0.44121,-0.28199,0.05633,0.97869,-0.33614,0.57522,0.03824,0.87647,-0.52434,-0.38920,0.05109,0.97396
0.40460,0.11763,-0.28832,1.00000,0.49254,-0.12029,-0.08820,0.99999,0.16200,0.20821,-0.28083,0.99791,0.29154,-0.11648,0.05044,0.12826,-0.00532,0.12088,-0.27315,0.98436,0.12948,-0.15469,0.03658,0.21112,-0.05021,0.10020,-0.29490,0.95731,0.07807,-0.15196,0.05068,0.23182,-0.03803,0.07114,-0.29839,0.95597,0.07418,-0.15744,0.02016,0.23394,-0.00569,0.10347,-0.27045,0.92969,0.11597,-0.15122,0.02537,0.24210,-0.03973,0.08889,-0.07341,0.99999,0.04008,-0.08890,0.07412,1.00000,-0.46455,0.08882,-0.18802,0.99024,-0.02079,-0.40045,-0.01056,0.98620,-0.30470,0.46077,-0.01115,0.89951,-0.39137,-0.28791,0.04917,0.98482,-0.29106,0.50867,0.00938,0.88282,-0.43772,-0.28166,0.05555,0.97927,-0.33750,0.57072,0.03978,0.87401,-0.52133,-0.38869,0.05020,0.97323
0.40466,0.11728,-0.28711,1.00000,0.49244,-0.12094,-0.08772,0.99999,0.16208,0.20821,-0.28017,0.99783,0.29090,-0.11609,0.04970,0.12388,-0.00526,0.12077,-0.27254,0.98376,0.12465,-0.15515,0.03557,0.20754,-0.05020,0.09974,-0.29452,0.95593,0.07151,-0.15239,0.04857,0.22959,-0.03778,0.07034,-0.29793,0.95463,0.06801,-0.15790,0.01791,0.23183,-0.00561,0.10322,-0.26980,0.92788,0.11124,-0.15178,0.02475,0.23993,-0.03973,0.08889,-0.07332,0.99999,0.04009,-0.08889,0.07403,1.00000,-0.46438,0.08780,-0.18629,0.98990,-0.01691,-0.40044,-0.01268,0.98614,-0.31007,0.45322,-0.00761,0.89794,-0.38844,-0.28774,0.04625,0.98462,-0.29783,0.50068,0.01295,0.88330,-0.43517,-0.28148,0.05235,0.97964,-0.34280,0.55908,0.04117,0.87190,-0.51790,-0.38982,0.04681,0.97258
0.40464,0.11687,-0.28624,1.00000,0.49228,-0.12081,-0.08454,0.99999,0.16249,0.20956,-0.27709,0.99774,0.29613,-0.11651,0.05730,0.12327,-0.00408,0.12126,-0.25439,0.98304,0.15226,-0.15893,0.05002,0.20827,-0.04972,0.09978,-0.27409,0.95442,0.10414,-0.15687,0.06227,0.23105,-0.03692,0.07035,-0.27923,0.95300,0.10079,-0.16111,0.03520,0.23344,-0.00459,0.10346,-0.25209,0.92577,0.13962,-0.15568,0.03948,0.24190,-0.03992,0.08888,-0.07320,0.99999,0.04027,-0.08889,0.07392,1.00000,-0.46424,0.08766,-0.18412,0.98939,-0.01353,-0.40067,-0.01351,0.98605,-0.31147,0.44674,-0.00059,0.89617,-0.38548,-0.28764,0.04477,0.98457,-0.29964,0.49339,0.02049,0.88483,-0.43260,-0.28140,0.05082,0.98017,-0.34471,0.55187,0.04879,0.87049,-0.51640,-0.39129,0.04536,0.97238
0.40429,0.11666,-0.28640,1.00000,0.49185,-0.12001,-0.08435,0.99999,0.16286,0.21363,-0.27708,0.99777,0.30081,-0.11656,0.06500,0.12241,-0.00404,0.12263,-0.25291,0.98317,0.16361,-0.16066,0.06679,0.20979,-0.04991,0.10002,-0.27261,0.95457,0.11678,-0.15900,0.08031,0.23323,-0.03694,0.07034,-0.27794,0.95311,0.11322,-0.16324,0.05391,0.23572,-0.00458,0.10409,-0.25063,0.92611,0.15088,-0.15785,0.05647,0.24424,-0.03991,0.08889,-0.07305,0.99999,0.04026,-0.08889,0.07378,1.00000,-0.46193,0.09351,-0.18077,0.98894,-0.01312,-0.40170,-0.01358,0.98603,-0.31143,0.44724,-0.00028,0.89579,-0.38481,-0.28685,0.05232,0.98451,-0.29956,0.49415,0.02059,0.88701,-0.43207,-0.28033,0.05909,0.98069,-0.34452,0.55264,0.04898,0.87057,-0.51643,-0.39083,0.05332,0.97217
0.40427,0.11652,-0.28651,1.00000,0.49176,-0.11807,-0.08361,0.99999,0.16319,0.21367,-0.27883,0.99776,0.29992,-0.11026,0.06507,0.11792,-0.00463,0.12331,-0.25782,0.98325,0.16201,-0.15485,0.06017,0.20552,-0.05134,0.10095,-0.27838,0.95470,0.11448,-0.15371,0.07416,0.23001,-0.03887,0.07070,-0.28244,0.95323,0.10945,-0.15788,0.04640,0.23253,-0.00568,0.10467,-0.25504,0.92625,0.14783,-0.15203,0.04947,0.24089,-0.03989,0.08887,-0.07304,0.99999,0.04024,-0.08886,0.07376,1.00000,-0.46083,0.09595,-0.17852,0.98875,-0.01290,-0.40269,-0.01382,0.98620,-0.31293,0.44616,0.00563,0.89559,-0.38380,-0.28543,0.05062,0.98448,-0.30144,0.49255,0.02684,0.88832,-0.43095,-0.27839,0.05714,0.98106,-0.34819,0.55045,0.05600,0.87006,-0.51618,-0.38968,0.05136,0.97197
0.40713,0.11636,-0.28453,1.00000,0.49184,-0.11783,-0.08284,0.99999,0.16833,0.21445,-0.27719,0.99778,0.30434,-0.10994,0.06832,0.11329,-0.00313,0.12628,-0.25799,0.98359,0.16625,-0.15454,0.06592,0.19900,-0.05109,0.10386,-0.27853,0.95544,0.11683,-0.15353,0.07928,0.22441,-0.03861,0.07191,-0.28274,0.95403,0.11287,-0.15775,0.05121,0.22700,-0.00485,0.10689,-0.25525,0.92745,0.15249,-0.15189,0.05501,0.23498,-0.03945,0.08905,-0.07259,0.99999,0.03980,-0.08900,0.07335,1.00000,-0.45847,0.10196,-0.17234,0.98832,-0.01441,-0.40187,-0.02213,0.98637,-0.31421,0.44670,0.01792,0.89207,-0.38489,-0.28315,0.04000,0.98444,-0.30339,0.49319,0.03940,0.88673,-0.43219,-0.27594,0.04596,0.98139,-0.35183,0.55096,0.06508,0.86602,-0.51763,-0.38830,0.03457,0.97183
0.40746,0.11622,-0.28492,1.00000,0.49190,-0.11757,-0.08305,0.99999,0.17018,0.21526,-0.27803,0.99787,0.31078,-0.11102,0.07050,0.11405,-0.00301,0.12726,-0.26060,0.98421,0.16886,-0.15468,0.06995,0.20102,-0.05125,0.10475,-0.28166,0.95693,0.11952,-0.15339,0.08307,0.22686,-0.03863,0.07228,-0.28573,0.95556,0.11549,-0.15768,0.05410,0.22952,-0.00481,0.10764,-0.25761,0.92977,0.15513,-0.15198,0.05899,0.23766,-0.03888,0.08906,-0.07261,0.99998,0.03923,-0.08901,0.07338,1.00000,-0.45506,0.10354,-0.17247,0.98812,-0.03289,-0.40017,-0.02175,0.98622,-0.32493,0.46507,0.00378,0.89217,-0.40331,-0.28292,0.03996,0.98399,-0.31641,0.51392,0.02274,0.88785,-0.45095,-0.27579,0.04585,0.98150,-0.36593,0.57073,0.04317,0.86432,-0.53651,-0.38897,0.03452,0.97055
0.40713,0.11616,-0.28672,1.00000,0.49187,-0.11736,-0.08448,0.99999,0.17124,0.21797,-0.27820,0.99795,0.31333,-0.11102,0.06997,0.11532,-0.00237,0.12967,-0.25469,0.98481,0.17608,-0.15465,0.06951,0.20540,-0.05113,0.10717,-0.27363,0.95836,0.12984,-0.15330,0.08143,0.23159,-0.03838,0.07443,-0.27798,0.95699,0.12448,-0.15725,0.05281,0.23444,-0.00426,0.10996,-0.25138,0.93201,0.16256,-0.15193,0.05844,0.24273,-0.03864,0.08905,-0.07257,0.99998,0.03898,-0.08900,0.07333,1.00000,-0.45357,0.10410,-0.17254,0.98809,-0.04455,-0.38984,-0.02225,0.98598,-0.33769,0.47745,0.00231,0.89335,-0.41175,-0.28204,0.03978,0.98383,-0.33189,0.52709,0.02097,0.88836,-0.45953,-0.27542,0.04565,0.98165,-0.39479,0.58348,0.03902,0.86410,-0.54542,-0.38893,0.03384,0.97011
0.40790,0.11528,-0.28309,1.00000,0.49173,-0.11748,-0.08227,0.99998,0.17497,0.21907,-0.27293,0.99802,0.31175,-0.10440,0.07419,0.11032,0.00252,0.12994,-0.22993,0.98526,0.16982,-0.15444,0.07554,0.19665,-0.04692,0.10740,-0.24418,0.95920,0.12171,-0.15317,0.08661,0.22291,-0.03509,0.07450,-0.24856,0.95777,0.11677,-0.15711,0.05896,0.22573,-0.00016,0.11017,-0.22582,0.93302,0.15621,-0.15173,0.06442,0.23395,-0.03764,0.08912,-0.07202,0.99998,0.03798,-0.08906,0.07278,1.00000,-0.45374,0.11153,-0.16437,0.98827,-0.05535,-0.37351,-0.05025,0.98623,-0.35264,0.48873,0.03164,0.89463,-0.41933,-0.27890,0.00488,0.98425,-0.35014,0.53743,0.05216,0.88400,-0.46699,-0.27346,0.01002,0.98180,-0.43703,0.58669,0.05700,0.86446,-0.54881,-0.38428,-0.01349,0.97102
0.41402,0.10904,-0.27620,1.00000,0.48981,-0.11962,-0.07062,0.99998,0.18344,0.21780,-0.27331,0.99812,0.29147,-0.09739,0.07672,0.10376,0.00643,0.12772,-0.23358,0.98608,0.12216,-0.15185,0.07302,0.18617,-0.04500,0.10604,-0.24939,0.96107,0.06645,-0.15080,0.08565,0.21224,-0.03454,0.07003,-0.25409,0.95966,0.05901,-0.15408,0.05801,0.21490,0.00226,0.10714,-0.23000,0.93539,0.10665,-0.14834,0.06217,0.22254,-0.03589,0.08912,-0.07184,0.99998,0.03623,-0.08907,0.07261,1.00000,-0.45521,0.09063,-0.15756,0.98890,-0.08572,-0.35389,-0.07566,0.98671,-0.39436,0.48639,0.05540,0.89948,-0.45311,-0.27550,-0.03748,0.98496,-0.39785,0.53407,0.07725,0.88066,-0.50111,-0.27140,-0.03377,0.98164,-0.50903,0.58432,0.07397,0.86872,-0.57826,-0.37745,-0.06767,0.97238
0.41730,0.10820,-0.26694,1.00000,0.48883,-0.11966,-0.06203,0.99998,0.18942,0.22177,-0.27180,0.99824,0.28899,-0.09122,0.09322,0.09924,0.01309,0.12773,-0.23564,0.98693,0.11985,-0.15065,0.09545,0.17925,-0.03951,0.10587,-0.25248,0.96306,0.06450,-0.15017,0.10669,0.20493,-0.03009,0.06813,-0.25659,0.96166,0.05637,-0.15375,0.07885,0.20751,0.00819,0.10690,-0.23188,0.93795,0.10433,-0.14737,0.08464,0.21467,-0.03391,0.08905,-0.07176,0.99998,0.03425,-0.08900,0.07254,1.00000,-0.45684,0.08059,-0.15216,0.98946,-0.11640,-0.33822,-0.08108,0.98706,-0.42234,0.48417,0.05422,0.90551,-0.48863,-0.26825,-0.05241,0.98567,-0.42873,0.53169,0.07517,0.87993,-0.53722,-0.26537,-0.04982,0.98152,-0.54653,0.58175,0.07264,0.87535,-0.61406,-0.37143,-0.08478,0.97376
0.43420,0.10845,-0.24276,1.00000,0.48872,-0.12092,-0.04398,0.99998,0.19949,0.22623,-0.25629,0.99837,0.28255,-0.09195,0.11303,0.09877,0.02427,0.12791,-0.22856,0.98791,0.11433,-0.15040,0.10801,0.18258,-0.03040,0.10588,-0.24447,0.96556,0.05747,-0.15001,0.11573,0.20748,-0.02162,0.06721,-0.24936,0.96421,0.05252,-0.15287,0.08843,0.21067,0.01811,0.10684,-0.22456,0.94153,0.10002,-0.14670,0.09765,0.21642,-0.02776,0.08930,-0.07147,0.99998,0.02803,-0.08929,0.07224,1.00000,-0.45474,0.08142,-0.10046,0.99009,-0.15307,-0.31409,-0.11164,0.98780,-0.46700,0.48269,0.10948,0.91350,-0.53275,-0.26651,-0.09768,0.98676,-0.48090,0.53028,0.12884,0.88318,-0.58152,-0.26490,-0.09749,0.98201,-0.60965,0.57040,0.10358,0.88548,-0.65468,-0.37191,-0.15123,0.97582
0.44774,0.10911,-0.22294,1.00000,0.48897,-0.12564,-0.02970,0.99998,0.20886,0.22794,-0.23743,0.99849,0.28019,-0.09372,0.11778,0.10158,0.03489,0.12786,-0.21733,0.98877,0.11205,-0.15089,0.10113,0.18951,-0.02266,0.10531,-0.23210,0.96771,0.05241,-0.15009,0.10888,0.21240,-0.01282,0.06482,-0.23949,0.96641,0.05112,-0.15262,0.08130,0.21644,0.02835,0.10634,-0.21385,0.94455,0.09871,-0.14671,0.09053,0.22019,-0.02245,0.09043,-0.07075,0.99998,0.02270,-0.09049,0.07150,1.00000,-0.45395,0.11247,-0.05699,0.99060,-0.19420,-0.28316,-0.11552,0.98852,-0.51716,0.48511,0.13068,0.92109,-0.57728,-0.26736,-0.10379,0.98777,-0.53694,0.53163,0.14599,0.88531,-0.62587,-0.27005,-0.10506,0.98226,-0.65711,0.56102,0.09783,0.89522,-0.68270,-0.38006,-0.17699,0.97778
0.45917,0.10955,-0.20449,1.00000,0.49466,-0.12768,-0.01515,0.99998,0.22262,0.22906,-0.21261,0.99859,0.28975,-0.09622,0.12834,0.10453,0.04496,0.12791,-0.19219,0.98952,0.11658,-0.15076,0.10394,0.19425,-0.01497,0.10471,-0.20446,0.96961,0.05474,-0.14983,0.10846,0.21466,-0.00493,0.06364,-0.21353,0.96833,0.05158,-0.15075,0.08171,0.21940,0.03789,0.10629,-0.18878,0.94710,0.10299,-0.14587,0.09330,0.22182,-0.01766,0.09224,-0.06850,0.99998,0.01791,-0.09237,0.06922,1.00000,-0.44627,0.16467,-0.01888,0.99122,-0.22593,-0.27926,-0.10681,0.98947,-0.55182,0.49663,0.16923,0.92847,-0.60714,-0.26930,-0.08374,0.98886,-0.57693,0.53838,0.18227,0.88826,-0.65523,-0.27526,-0.08412,0.98312,-0.68777,0.55413,0.10755,0.90475,-0.70567,-0.39283,-0.15709,0.97976
0.46226,0.10957,-0.19453,1.00000,0.49895,-0.12902,-0.00771,0.99998,0.22757,0.23154,-0.19814,0.99869,0.29988,-0.10070,0.14256,0.10946,0.05100,0.12889,-0.18071,0.99024,0.14078,-0.15095,0.12264,0.20495,-0.01105,0.10463,-0.19247,0.97148,0.07798,-0.14982,0.12446,0.22267,0.00052,0.06339,-0.20312,0.97025,0.07902,-0.15056,0.09875,0.22866,0.04434,0.10662,-0.17786,0.94972,0.12833,-0.14588,0.11246,0.22949,-0.01385,0.09340,-0.06654,0.99997,0.01410,-0.09359,0.06724,0.99999,-0.43899,0.18876,-0.00815,0.99186,-0.26414,-0.26316,-0.10432,0.99031,-0.58044,0.50045,0.17272,0.93535,-0.64816,-0.27216,-0.07178,0.98987,-0.60951,0.53925,0.18434,0.89211,-0.69643,-0.28143,-0.07135,0.98402,-0.72382,0.53744,0.10620,0.91373,-0.74046,-0.40696,-0.14195,0.98160
0.46824,0.11108,-0.18355,1.00000,0.50287,-0.13227,-0.00689,0.99997,0.23114,0.23261,-0.18030,0.99876,0.30535,-0.11730,0.13630,0.11983,0.06100,0.12905,-0.16791,0.99068,0.15119,-0.15451,0.11552,0.21835,-0.00291,0.10323,-0.18037,0.97263,0.08717,-0.15185,0.12033,0.23229,0.01241,0.06214,-0.19240,0.97142,0.09257,-0.15203,0.09345,0.23938,0.05581,0.10664,-0.16567,0.95125,0.13989,-0.14838,0.10514,0.23888,-0.01051,0.09511,-0.06293,0.99996,0.01083,-0.09532,0.06367,0.99999,-0.43070,0.20202,0.00278,0.99235,-0.32600,-0.23894,-0.01489,0.99087,-0.60514,0.50212,0.17575,0.94144,-0.69594,-0.27533,0.02844,0.99070,-0.63684,0.53881,0.18585,0.89176,-0.74316,-0.28783,0.02806,0.98409,-0.73708,0.52489,0.10462,0.92155,-0.78535,-0.41415,-0.05995,0.98310
0.46603,0.11129,-0.18656,1.00000,0.50322,-0.13369,-0.01104,0.99997,0.22866,0.23480,-0.18172,0.99880,0.30476,-0.11827,0.13476,0.12299,0.06100,0.12984,-0.16640,0.99100,0.15290,-0.15535,0.12102,0.22516,-0.00292,0.10300,-0.17815,0.97354,0.08993,-0.15301,0.12377,0.23746,0.01335,0.06198,-0.19104,0.97232,0.09625,-0.15302,0.09844,0.24560,0.05633,0.10705,-0.16453,0.95224,0.14195,-0.14915,0.11108,0.24409,-0.00937,0.09688,-0.05984,0.99995,0.00975,-0.09711,0.06063,0.99998,-0.42271,0.21266,0.00316,0.99284,-0.34259,-0.22464,0.02053,0.99137,-0.60928,0.50112,0.17649,0.94697,-0.70577,-0.27589,0.06405,0.99145,-0.64202,0.53843,0.18631,0.89107,-0.75282,-0.28961,0.06374,0.98405,-0.73970,0.51305,0.10359,0.92863,-0.79662,-0.41622,-0.02166,0.98445
0.46649,0.11398,-0.18599,1.00000,0.50421,-0.13534,-0.01476,0.99996,0.22913,0.23863,-0.17877,0.99883,0.30526,-0.12549,0.13128,0.13183,0.06193,0.13254,-0.16777,0.99113,0.15547,-0.15801,0.11703,0.23915,-0.00263,0.10368,-0.17941,0.97398,0.09294,-0.15475,0.12184,0.24867,0.01510,0.06272,-0.19318,0.97276,0.10051,-0.15397,0.09627,0.25804,0.05772,0.10916,-0.16644,0.95256,0.14482,-0.15119,0.10693,0.25531,-0.00834,0.09852,-0.05719,0.99993,0.00877,-0.09878,0.05802,0.99997,-0.41786,0.21665,0.00635,0.99328,-0.35516,-0.21125,0.05223,0.99170,-0.60929,0.50008,0.17669,0.95191,-0.71664,-0.27678,0.09539,0.99210,-0.64194,0.53742,0.18618,0.88882,-0.76369,-0.29193,0.09490,0.98374,-0.73923,0.51034,0.10259,0.93492,-0.80708,-0.41800,0.00902,0.98562
0.46935,0.11425,-0.18600,1.00000,0.50416,-0.13684,-0.01669,0.99996,0.23346,0.24011,-0.18154,0.99887,0.30017,-0.12505,0.12822,0.13382,0.06379,0.13366,-0.17280,0.99130,0.13364,-0.15758,0.09664,0.24079,-0.00182,0.10383,-0.18505,0.97444,0.06513,-0.15396,0.09570,0.24867,0.01648,0.06278,-0.19817,0.97322,0.07306,-0.15296,0.06848,0.25870,0.05951,0.11001,-0.17133,0.95290,0.12183,-0.15039,0.08561,0.25543,-0.00685,0.09907,-0.05595,0.99992,0.00730,-0.09932,0.05685,0.99996,-0.41682,0.21264,0.01007,0.99369,-0.35797,-0.20346,0.05504,0.99195,-0.61011,0.49917,0.17447,0.95638,-0.72287,-0.27729,0.09357,0.99268,-0.64257,0.53567,0.18334,0.88798,-0.77018,-0.29327,0.09238,0.98343,-0.73874,0.50884,0.10162,0.94058,-0.81162,-0.41960,0.00685,0.98666
0.46752,0.11745,-0.19030,1.00000,0.50546,-0.13622,-0.01802,0.99995,0.23229,0.24035,-0.18714,0.99888,0.30011,-0.12585,0.12234,0.13895,0.06232,0.13376,-0.17589,0.99121,0.12429,-0.15764,0.08492,0.24580,-0.00282,0.10383,-0.18819,0.97419,0.05466,-0.15424,0.08242,0.25035,0.01540,0.06280,-0.19999,0.97291,0.06005,-0.15279,0.05458,0.26137,0.05803,0.11010,-0.17398,0.95188,0.11084,-0.15035,0.07325,0.25780,-0.00674,0.09941,-0.05510,0.99990,0.00719,-0.09965,0.05606,0.99995,-0.41353,0.21545,0.02516,0.99406,-0.36237,-0.20147,0.07546,0.99216,-0.61298,0.49901,0.18072,0.96044,-0.72450,-0.28270,0.11709,0.99318,-0.64642,0.53545,0.18830,0.88726,-0.77159,-0.30094,0.11627,0.98299,-0.73886,0.50719,0.10084,0.94577,-0.81237,-0.42969,0.02921,0.98761
