3.369294703006744385e-01,-3.434123098850250244e-01,8.511804975569248199e-03,9.999209642410278320e-01,9.290453791618347168e-02,-3.453437089920043945e-01,-2.606918811798095703e-01,9.998049139976501465e-01,4.452539086341857910e-01,-1.490827053785324097e-01,-1.089657545089721680e-01,9.240825772285461426e-01,2.420126199722290039e-01,-1.086727827787399292e-01,-2.381874173879623413e-01,9.817866683006286621e-01,4.229688644409179688e-01,-2.817555665969848633e-01,-3.536932468414306641e-01,8.164977431297302246e-01,3.569025397300720215e-01,-2.199083864688873291e-01,-1.090173721313476562e-01,9.510633349418640137e-01,4.102702140808105469e-01,-3.118636608123779297e-01,-3.934602737426757812e-01,6.975924372673034668e-01,3.918519616127014160e-01,-2.442606687545776367e-01,-1.151790618896484375e-01,9.150586724281311035e-01,3.753041028976440430e-01,-3.459836244583129883e-01,-3.729915618896484375e-01,6.868646740913391113e-01,3.579325079917907715e-01,-2.803546786308288574e-01,-1.161410808563232422e-01,9.056726098060607910e-01,3.992477059364318848e-01,-3.015460371971130371e-01,-3.504526615142822266e-01,6.387357115745544434e-01,3.498515188694000244e-01,-2.403576076030731201e-01,-1.063172817230224609e-01,8.288224339485168457e-01,1.012820005416870117e-01,9.452255442738533020e-03,7.709550857543945312e-02,9.999502897262573242e-01,-1.010525897145271301e-01,-9.911503642797470093e-03,-7.578849792480468750e-02,9.999866485595703125e-01,3.228806853294372559e-01,1.013098508119583130e-01,-9.435653686523437500e-03,9.827431440353393555e-01,7.304241508245468140e-02,1.216924488544464111e-01,-3.924578428268432617e-01,9.990850687026977539e-01,2.456215620040893555e-01,4.042152762413024902e-01,1.213183403015136719e-01,9.767476916313171387e-01,3.219425678253173828e-02,4.815234243869781494e-01,-3.083019256591796875e-01,9.990203380584716797e-01,2.445123791694641113e-01,4.502713084220886230e-01,1.278200149536132812e-01,9.571846127510070801e-01,2.556230127811431885e-02,5.264689922332763672e-01,-3.053622245788574219e-01,9.903723001480102539e-01,3.284891843795776367e-01,5.219799280166625977e-01,8.065509796142578125e-02,9.813194274902343750e-01,6.685404479503631592e-02,5.670812726020812988e-01,-4.161438941955566406e-01,9.984881877899169922e-01
2.987837791442871094e-01,-3.843412697315216064e-01,1.417851299047470093e-01,9.995867609977722168e-01,2.785565890371799469e-02,-4.481485784053802490e-01,-2.741028927266597748e-02,9.998094439506530762e-01,3.254984915256500244e-01,-3.170358538627624512e-01,-2.597743645310401917e-02,8.952256441116333008e-01,5.428957939147949219e-02,-3.713401556015014648e-01,-1.494058817625045776e-01,9.828962683677673340e-01,3.044604361057281494e-01,-4.999325871467590332e-01,-2.041184008121490479e-01,8.077090978622436523e-01,1.854973733425140381e-01,-4.903737604618072510e-01,-1.791907846927642822e-01,9.552226066589355469e-01,2.869604229927062988e-01,-5.208510160446166992e-01,-2.316403239965438843e-01,6.907375454902648926e-01,2.256355285644531250e-01,-4.976471662521362305e-01,-2.058240026235580444e-01,9.218188524246215820e-01,2.630650401115417480e-01,-5.573592185974121094e-01,-2.038725167512893677e-01,6.778151988983154297e-01,2.252345830202102661e-01,-5.275718569755554199e-01,-2.015549689531326294e-01,9.131805896759033203e-01,2.859643101692199707e-01,-5.190011858940124512e-01,-1.974502503871917725e-01,6.322791576385498047e-01,1.940523236989974976e-01,-5.013377070426940918e-01,-1.798099875450134277e-01,8.432813286781311035e-01,9.639959037303924561e-02,1.151326298713684082e-02,7.677683234214782715e-02,9.998551607131958008e-01,-9.648323059082031250e-02,-1.176014356315135956e-02,-7.565617561340332031e-02,9.999769330024719238e-01,1.600512266159057617e-01,2.834711670875549316e-01,5.077659711241722107e-02,9.514592885971069336e-01,-2.319646533578634262e-03,3.833923339843750000e-01,-1.727332174777984619e-01,9.984452128410339355e-01,1.800562888383865356e-01,6.120301485061645508e-01,1.251500993967056274e-01,9.453901648521423340e-01,3.976821433752775192e-03,7.572886943817138672e-01,-2.135129123926162720e-01,9.984289407730102539e-01,1.911648064851760864e-01,6.622347831726074219e-01,1.282486468553543091e-01,9.345329403877258301e-01,4.330910276621580124e-03,8.040475845336914062e-01,-2.229523211717605591e-01,9.889268875122070312e-01,2.929715812206268311e-01,7.036209702491760254e-01,7.918177545070648193e-02,9.590709209442138672e-01,5.761101469397544861e-02,8.130675554275512695e-01,-3.450505435466766357e-01,9.972088932991027832e-01
2.007721960544586182e-01,-4.366216361522674561e-01,1.269046366214752197e-01,9.996080994606018066e-01,1.128799188882112503e-02,-4.393384158611297607e-01,-1.228305697441101074e-01,9.998191595077514648e-01,2.588503360748291016e-01,-2.561814188957214355e-01,-5.470187589526176453e-02,8.740785717964172363e-01,6.838957965373992920e-02,-2.593027353286743164e-01,-1.162079721689224243e-01,9.798396229743957520e-01,2.431839555501937866e-01,-4.858170151710510254e-01,-2.390837520360946655e-01,8.047608137130737305e-01,1.575239747762680054e-01,-3.826009631156921387e-01,-4.845672100782394409e-02,9.538039565086364746e-01,2.272573262453079224e-01,-4.722542166709899902e-01,-2.501291334629058838e-01,6.882926821708679199e-01,1.883487999439239502e-01,-4.025577306747436523e-01,-6.366938352584838867e-02,9.202224016189575195e-01,2.080862522125244141e-01,-5.240803956985473633e-01,-2.159772515296936035e-01,6.752194166183471680e-01,1.719088852405548096e-01,-4.428604543209075928e-01,-7.386691123247146606e-02,9.112789630889892578e-01,2.255990654230117798e-01,-4.988172948360443115e-01,-2.412358075380325317e-01,6.291221976280212402e-01,1.570576131343841553e-01,-4.029681682586669922e-01,-5.255629867315292358e-02,8.449720740318298340e-01,7.541545480489730835e-02,9.979600086808204651e-03,7.975690066814422607e-02,9.996708035469055176e-01,-7.535871118307113647e-02,-1.037753559648990631e-02,-7.887717336416244507e-02,9.999188184738159180e-01,7.381199300289154053e-02,3.866942524909973145e-01,1.384758055210113525e-01,8.913562893867492676e-01,-3.093569306656718254e-03,3.985189795494079590e-01,-6.930992007255554199e-02,9.959127306938171387e-01,1.293848603963851929e-01,7.071163654327392578e-01,2.370721548795700073e-01,9.121618270874023438e-01,-5.504395812749862671e-03,7.923746705055236816e-01,-6.538254767656326294e-02,9.963235259056091309e-01,1.470665484666824341e-01,7.548597455024719238e-01,2.385361641645431519e-01,9.044721722602844238e-01,-4.200666677206754684e-03,8.426924347877502441e-01,-7.283701002597808838e-02,9.828197956085205078e-01,2.556951045989990234e-01,7.949364781379699707e-01,1.936779022216796875e-01,9.378073811531066895e-01,5.899336189031600952e-02,8.807054162025451660e-01,-1.676303297281265259e-01,9.938054084777832031e-01
1.561171263456344604e-01,-4.789356291294097900e-01,9.207755327224731445e-02,9.996351599693298340e-01,-5.932642146944999695e-02,-4.712482690811157227e-01,-1.526695191860198975e-01,9.998338818550109863e-01,2.133437544107437134e-01,-2.784361839294433594e-01,-4.897996410727500916e-02,8.565841317176818848e-01,1.993136852979660034e-02,-2.546357810497283936e-01,-1.077193394303321838e-01,9.798315167427062988e-01,2.113635390996932983e-01,-4.079750478267669678e-01,-2.698729634284973145e-01,8.017644286155700684e-01,1.374372243881225586e-01,-3.532766401767730713e-01,-8.947112597525119781e-03,9.546726346015930176e-01,2.018663436174392700e-01,-4.194710850715637207e-01,-2.961009740829467773e-01,6.884841322898864746e-01,1.746558099985122681e-01,-3.695864975452423096e-01,-1.923630945384502411e-02,9.217307567596435547e-01,1.802402138710021973e-01,-4.610431194305419922e-01,-2.689824998378753662e-01,6.760355234146118164e-01,1.551394909620285034e-01,-4.104614555835723877e-01,-3.310482203960418701e-02,9.129953384399414062e-01,1.933219581842422485e-01,-4.253331720829010010e-01,-2.701117396354675293e-01,6.315783262252807617e-01,1.370407342910766602e-01,-3.746022880077362061e-01,-1.232338417321443558e-02,8.503596186637878418e-01,7.605589926242828369e-02,9.343609213829040527e-03,8.060062676668167114e-02,9.995935559272766113e-01,-7.607427984476089478e-02,-9.824034757912158966e-03,-7.978056371212005615e-02,9.998903870582580566e-01,6.988090276718139648e-02,3.989993035793304443e-01,1.712116748094558716e-01,8.672360181808471680e-01,-3.678508475422859192e-02,3.936296403408050537e-01,-5.525493249297142029e-02,9.948157668113708496e-01,8.320664614439010620e-02,7.082713842391967773e-01,2.966952621936798096e-01,9.002048373222351074e-01,-2.500495128333568573e-02,7.689731121063232422e-01,-4.326155781745910645e-02,9.949980378150939941e-01,9.791365265846252441e-02,7.539092302322387695e-01,2.995273172855377197e-01,8.925750851631164551e-01,-2.108723856508731842e-02,8.181496858596801758e-01,-4.976836591958999634e-02,9.774618148803710938e-01,2.181296944618225098e-01,8.022764921188354492e-01,2.561564743518829346e-01,9.318319559097290039e-01,5.689487233757972717e-02,8.737625479698181152e-01,-1.483706384897232056e-01,9.920791983604431152e-01
8.659580349922180176e-02,-4.937282502651214600e-01,7.766543328762054443e-02,9.996515512466430664e-01,-1.005743369460105896e-01,-4.814792275428771973e-01,-1.633649021387100220e-01,9.998487234115600586e-01,1.449833512306213379e-01,-2.997479140758514404e-01,-3.291736915707588196e-02,8.307436704635620117e-01,-1.644668169319629669e-02,-2.584167420864105225e-01,-1.090248301625251770e-01,9.800168275833129883e-01,1.683175712823867798e-01,-3.854622542858123779e-01,-2.565731406211853027e-01,7.877756357192993164e-01,1.133854016661643982e-01,-3.521161675453186035e-01,-9.834443219006061554e-03,9.557305574417114258e-01,1.635583341121673584e-01,-3.992383182048797607e-01,-2.907187640666961670e-01,6.776317358016967773e-01,1.506825983524322510e-01,-3.661055266857147217e-01,-1.600240916013717651e-02,9.237483143806457520e-01,1.411262005567550659e-01,-4.376480877399444580e-01,-2.763239741325378418e-01,6.661517620086669922e-01,1.316208094358444214e-01,-4.059852957725524902e-01,-3.214140236377716064e-02,9.151604771614074707e-01,1.509672254323959351e-01,-4.021468758583068848e-01,-2.597499191761016846e-01,6.247727870941162109e-01,1.133178398013114929e-01,-3.738254308700561523e-01,-1.264020986855030060e-02,8.554239869117736816e-01,7.402655482292175293e-02,6.177474278956651688e-03,8.056681603193283081e-02,9.994792342185974121e-01,-7.411460578441619873e-02,-6.861262489110231400e-03,-7.974444329738616943e-02,9.998646378517150879e-01,6.350660324096679688e-02,3.824729919433593750e-01,2.093712538480758667e-01,8.418916463851928711e-01,-4.602362588047981262e-02,3.943419456481933594e-01,-5.776036530733108521e-02,9.931872487068176270e-01,7.138312608003616333e-02,6.824564337730407715e-01,3.458973467350006104e-01,8.839433789253234863e-01,-5.006101727485656738e-02,7.616788148880004883e-01,-4.643731936812400818e-02,9.922506809234619141e-01,8.578589558601379395e-02,7.269018888473510742e-01,3.506453633308410645e-01,8.776444196701049805e-01,-4.757681488990783691e-02,8.103826642036437988e-01,-5.237850919365882874e-02,9.684609174728393555e-01,2.101828604936599731e-01,7.735231518745422363e-01,3.075257539749145508e-01,9.225431680679321289e-01,4.176959022879600525e-02,8.701789975166320801e-01,-1.544818282127380371e-01,9.883036017417907715e-01
6.867750734090805054e-02,-5.000794529914855957e-01,7.207298278808593750e-02,9.996639490127563477e-01,-1.281359493732452393e-01,-4.810958802700042725e-01,-1.704487651586532593e-01,9.998622536659240723e-01,1.265452206134796143e-01,-3.105439841747283936e-01,-4.000334441661834717e-02,8.151355981826782227e-01,-4.664974287152290344e-02,-2.674661278724670410e-01,-1.171967834234237671e-01,9.806633591651916504e-01,1.396812945604324341e-01,-3.864422440528869629e-01,-2.694458067417144775e-01,7.798198461532592773e-01,8.990785479545593262e-02,-3.560608625411987305e-01,-2.018331736326217651e-02,9.565947055816650391e-01,1.311392188072204590e-01,-3.966822326183319092e-01,-3.057954907417297363e-01,6.705365180969238281e-01,1.297767162322998047e-01,-3.690144419670104980e-01,-2.575001493096351624e-02,9.243633747100830078e-01,1.078795269131660461e-01,-4.308291673660278320e-01,-2.903510928153991699e-01,6.603980064392089844e-01,1.085719242691993713e-01,-4.082212448120117188e-01,-4.035755991935729980e-02,9.157850742340087891e-01,1.216280236840248108e-01,-4.013520479202270508e-01,-2.717134356498718262e-01,6.210980415344238281e-01,8.960054069757461548e-02,-3.777776658535003662e-01,-2.237676270306110382e-02,8.581007122993469238e-01,7.454540580511093140e-02,3.315318608656525612e-03,8.065132796764373779e-02,9.994215369224548340e-01,-7.468219101428985596e-02,-4.102238453924655914e-03,-7.979188859462738037e-02,9.998427629470825195e-01,5.589355155825614929e-02,3.879456222057342529e-01,2.286420911550521851e-01,8.315508365631103516e-01,-6.219993531703948975e-02,3.936080634593963623e-01,-2.456331811845302582e-02,9.924308061599731445e-01,7.126896828413009644e-02,6.917547583580017090e-01,3.802416920661926270e-01,8.803231716156005859e-01,-7.170587778091430664e-02,7.482662796974182129e-01,2.884603478014469147e-02,9.908660650253295898e-01,8.724446594715118408e-02,7.355086207389831543e-01,3.868142068386077881e-01,8.736540079116821289e-01,-6.912154704332351685e-02,7.958626747131347656e-01,2.686543017625808716e-02,9.630500078201293945e-01,2.123235911130905151e-01,7.717149257659912109e-01,3.373915553092956543e-01,9.219506382942199707e-01,2.707943320274353027e-02,8.506269454956054688e-01,-7.715456932783126831e-02,9.866613149642944336e-01
5.970032513141632080e-02,-5.026533603668212891e-01,6.698244065046310425e-02,9.996859431266784668e-01,-1.400700509548187256e-01,-4.824483096599578857e-01,-1.738364100456237793e-01,9.998753070831298828e-01,1.047795563936233521e-01,-3.090473711490631104e-01,-4.391158744692802429e-02,7.965772151947021484e-01,-6.810022145509719849e-02,-2.767796516418457031e-01,-1.190452203154563904e-01,9.815106987953186035e-01,1.326627880334854126e-01,-3.852232694625854492e-01,-2.768597602844238281e-01,7.741673588752746582e-01,7.830569148063659668e-02,-3.597011566162109375e-01,-1.252541411668062210e-02,9.572245478630065918e-01,1.289235204458236694e-01,-3.944967389106750488e-01,-3.107716143131256104e-01,6.670478582382202148e-01,1.231279149651527405e-01,-3.733143210411071777e-01,-1.454523392021656036e-02,9.239880442619323730e-01,1.065619140863418579e-01,-4.256305396556854248e-01,-2.925606667995452881e-01,6.584725975990295410e-01,1.024256050586700439e-01,-4.089988470077514648e-01,-2.998705953359603882e-02,9.155387282371520996e-01,1.154445633292198181e-01,-3.986206948757171631e-01,-2.773004174232482910e-01,6.202655434608459473e-01,7.876136153936386108e-02,-3.797473013401031494e-01,-1.392613165080547333e-02,8.597610592842102051e-01,7.447042316198348999e-02,8.526057354174554348e-04,8.108689635992050171e-02,9.994083642959594727e-01,-7.461962103843688965e-02,-1.714893849566578865e-03,-8.015089482069015503e-02,9.998382925987243652e-01,4.359113052487373352e-02,3.947931826114654541e-01,2.452283203601837158e-01,8.288832306861877441e-01,-6.260471791028976440e-02,3.945309519767761230e-01,-3.552985936403274536e-02,9.920358657836914062e-01,7.476300746202468872e-02,6.915299892425537109e-01,4.014853835105895996e-01,8.838295340538024902e-01,-9.193545579910278320e-02,7.407580614089965820e-01,1.611313596367835999e-02,9.898353815078735352e-01,9.307593107223510742e-02,7.340157628059387207e-01,4.085792601108551025e-01,8.767319917678833008e-01,-9.203091263771057129e-02,7.874542474746704102e-01,1.444405969232320786e-02,9.580744504928588867e-01,2.193140387535095215e-01,7.600574493408203125e-01,3.608204424381256104e-01,9.247297644615173340e-01,2.428577980026602745e-03,8.471155762672424316e-01,-8.669106662273406982e-02,9.855553507804870605e-01
4.287120327353477478e-02,-5.037002563476562500e-01,6.428433209657669067e-02,9.997035861015319824e-01,-1.353374123573303223e-01,-4.843018352985382080e-01,-1.757078021764755249e-01,9.998871088027954102e-01,8.833135664463043213e-02,-3.062495887279510498e-01,-4.677645117044448853e-02,7.698465585708618164e-01,-7.015591114759445190e-02,-2.811435163021087646e-01,-1.231755912303924561e-01,9.820511937141418457e-01,1.283242702484130859e-01,-3.852344155311584473e-01,-2.811841964721679688e-01,7.658658027648925781e-01,7.600066810846328735e-02,-3.675122559070587158e-01,-1.442301832139492035e-02,9.571329355239868164e-01,1.273934692144393921e-01,-3.941556215286254883e-01,-3.153228759765625000e-01,6.603135466575622559e-01,1.217375546693801880e-01,-3.829037249088287354e-01,-1.592160761356353760e-02,9.226605892181396484e-01,1.093849316239356995e-01,-4.228292107582092285e-01,-2.940976917743682861e-01,6.532737016677856445e-01,1.014807075262069702e-01,-4.158259630203247070e-01,-3.030187264084815979e-02,9.139268994331359863e-01,1.135274842381477356e-01,-3.975784480571746826e-01,-2.804979979991912842e-01,6.162819266319274902e-01,7.633727788925170898e-02,-3.869483768939971924e-01,-1.530154421925544739e-02,8.590447902679443359e-01,7.189344614744186401e-02,-6.141496705822646618e-04,8.169757574796676636e-02,9.994025230407714844e-01,-7.209714502096176147e-02,-2.633401018101722002e-04,-8.069609850645065308e-02,9.998314976692199707e-01,4.292511940002441406e-02,3.968925178050994873e-01,2.528293132781982422e-01,8.242613673210144043e-01,-5.538644641637802124e-02,3.948452472686767578e-01,-1.977205649018287659e-02,9.918209314346313477e-01,7.855764031410217285e-02,6.880802512168884277e-01,4.033765494823455811e-01,8.874153494834899902e-01,-8.824046701192855835e-02,7.345660328865051270e-01,5.266863852739334106e-02,9.893576502799987793e-01,9.743420779705047607e-02,7.291568517684936523e-01,4.103988707065582275e-01,8.797664046287536621e-01,-8.838578313589096069e-02,7.802685499191284180e-01,5.331737175583839417e-02,9.549226760864257812e-01,2.248667329549789429e-01,7.512093186378479004e-01,3.657923638820648193e-01,9.276075363159179688e-01,4.014763049781322479e-03,8.423527479171752930e-01,-3.953007981181144714e-02,9.850388765335083008e-01
6.204132735729217529e-02,-5.003138780593872070e-01,6.232988834381103516e-02,9.997190833091735840e-01,-1.369609832763671875e-01,-4.836885333061218262e-01,-1.777109652757644653e-01,9.998977184295654297e-01,9.933121502399444580e-02,-2.996583282947540283e-01,-4.910708218812942505e-02,7.548243999481201172e-01,-7.325644046068191528e-02,-2.809105813503265381e-01,-1.273262202739715576e-01,9.827970862388610840e-01,1.299370080232620239e-01,-3.878205716609954834e-01,-2.858408391475677490e-01,7.598621845245361328e-01,8.154352754354476929e-02,-3.685176968574523926e-01,-2.058796770870685577e-02,9.575247764587402344e-01,1.267778724431991577e-01,-3.988053202629089355e-01,-3.251500129699707031e-01,6.548953652381896973e-01,1.298933476209640503e-01,-3.851427137851715088e-01,-2.242380008101463318e-02,9.214900135993957520e-01,1.099332273006439209e-01,-4.258670508861541748e-01,-3.078220188617706299e-01,6.490501761436462402e-01,1.096694469451904297e-01,-4.177530109882354736e-01,-3.555569425225257874e-02,9.128429889678955078e-01,1.150289773941040039e-01,-4.002987444400787354e-01,-2.874606847763061523e-01,6.128273010253906250e-01,8.258502930402755737e-02,-3.878489434719085693e-01,-2.101346105337142944e-02,8.588306903839111328e-01,7.248844206333160400e-02,-2.581335837021470070e-03,8.185755461454391479e-02,9.993837475776672363e-01,-7.265547662973403931e-02,1.665576011873781681e-03,-8.081552386283874512e-02,9.998293519020080566e-01,4.829633608460426331e-02,3.957895040512084961e-01,2.601125240325927734e-01,8.285262584686279297e-01,-5.438170582056045532e-02,3.954737782478332520e-01,-4.241857677698135376e-02,9.918639659881591797e-01,8.350829780101776123e-02,6.870849728584289551e-01,4.214070141315460205e-01,8.933968544006347656e-01,-7.620934396982192993e-02,7.394025921821594238e-01,7.547487504780292511e-03,9.891885519027709961e-01,1.026572510600090027e-01,7.284567952156066895e-01,4.290789663791656494e-01,8.854665756225585938e-01,-7.590857148170471191e-02,7.858780026435852051e-01,5.538427270948886871e-03,9.531588554382324219e-01,2.266413122415542603e-01,7.523164153099060059e-01,3.811905682086944580e-01,9.317409992218017578e-01,9.025273844599723816e-03,8.472490906715393066e-01,-9.811764955520629883e-02,9.850479960441589355e-01
6.192401796579360962e-02,-4.967728555202484131e-01,6.114040687680244446e-02,9.997301697731018066e-01,-1.266260296106338501e-01,-4.830619990825653076e-01,-1.789457350969314575e-01,9.999069571495056152e-01,1.000661328434944153e-01,-2.949113547801971436e-01,-4.994496703147888184e-02,7.366852164268493652e-01,-6.450664997100830078e-02,-2.823905348777770996e-01,-1.280964910984039307e-01,9.830915927886962891e-01,1.317283362150192261e-01,-3.877469897270202637e-01,-2.877026796340942383e-01,7.541071176528930664e-01,8.447545766830444336e-02,-3.731369674205780029e-01,-1.809338666498661041e-02,9.569520354270935059e-01,1.291225254535675049e-01,-4.000707864761352539e-01,-3.268506824970245361e-01,6.488505005836486816e-01,1.320040673017501831e-01,-3.912410438060760498e-01,-1.867689751088619232e-02,9.189913868904113770e-01,1.151526272296905518e-01,-4.263517856597900391e-01,-3.103775084018707275e-01,6.439664363861083984e-01,1.130392178893089294e-01,-4.218090474605560303e-01,-3.024362400174140930e-02,9.098555445671081543e-01,1.182849481701850891e-01,-4.002764523029327393e-01,-2.893046736717224121e-01,6.087697744369506836e-01,8.575594425201416016e-02,-3.917688131332397461e-01,-1.774748042225837708e-02,8.558947443962097168e-01,7.246021926403045654e-02,-3.351295134052634239e-03,8.197794854640960693e-02,9.993443489074707031e-01,-7.267524302005767822e-02,2.446411410346627235e-03,-8.091595768928527832e-02,9.998129606246948242e-01,5.217462033033370972e-02,3.962964713573455811e-01,2.458771318197250366e-01,8.243159651756286621e-01,-4.907925426959991455e-02,3.955541849136352539e-01,-4.062444716691970825e-02,9.915092587471008301e-01,8.800326287746429443e-02,6.867530345916748047e-01,3.917219042778015137e-01,8.954567909240722656e-01,-7.083361595869064331e-02,7.394468188285827637e-01,1.452048588544130325e-02,9.885818362236022949e-01,1.067683920264244080e-01,7.278404831886291504e-01,3.977843225002288818e-01,8.867722749710083008e-01,-7.268642634153366089e-02,7.856516242027282715e-01,1.294951699674129486e-02,9.498717784881591797e-01,2.293411195278167725e-01,7.517070174217224121e-01,3.503325879573822021e-01,9.334776401519775391e-01,1.938535645604133606e-02,8.443988561630249023e-01,-8.682049065828323364e-02,9.844931960105895996e-01
6.062350794672966003e-02,-4.963538944721221924e-01,6.027726083993911743e-02,9.997382164001464844e-01,-1.249035149812698364e-01,-4.834862053394317627e-01,-1.798833459615707397e-01,9.999151825904846191e-01,9.864713251590728760e-02,-2.929495275020599365e-01,-5.012841522693634033e-02,7.175860404968261719e-01,-6.164027377963066101e-02,-2.842114865779876709e-01,-1.285492777824401855e-01,9.834439754486083984e-01,1.306807696819305420e-01,-3.863348364830017090e-01,-2.888704240322113037e-01,7.463360428810119629e-01,8.509974181652069092e-02,-3.774370849132537842e-01,-1.572762615978717804e-02,9.567850232124328613e-01,1.285408437252044678e-01,-3.989961743354797363e-01,-3.278945088386535645e-01,6.409059166908264160e-01,1.321773976087570190e-01,-3.964729011058807373e-01,-1.583554781973361969e-02,9.174156188964843750e-01,1.150626689195632935e-01,-4.252653717994689941e-01,-3.121044635772705078e-01,6.370169520378112793e-01,1.127556785941123962e-01,-4.264058470726013184e-01,-2.709299512207508087e-02,9.079363942146301270e-01,1.174871549010276794e-01,-3.989710509777069092e-01,-2.905709445476531982e-01,6.029083728790283203e-01,8.598551899194717407e-02,-3.959539234638214111e-01,-1.515026856213808060e-02,8.542258143424987793e-01,7.258530706167221069e-02,-3.815279342234134674e-03,8.202743530273437500e-02,9.993029832839965820e-01,-7.282634079456329346e-02,2.919708611443638802e-03,-8.095518499612808228e-02,9.997944235801696777e-01,5.333050712943077087e-02,3.958493173122406006e-01,2.417471408843994141e-01,8.219037055969238281e-01,-4.873343557119369507e-02,3.955456018447875977e-01,-3.623474389314651489e-02,9.912680387496948242e-01,8.946162462234497070e-02,6.866635680198669434e-01,3.842116594314575195e-01,8.979492783546447754e-01,-6.594068557024002075e-02,7.385146021842956543e-01,2.469282224774360657e-02,9.881482124328613281e-01,1.082067415118217468e-01,7.276647686958312988e-01,3.899080455303192139e-01,8.885792493820190430e-01,-6.790669262409210205e-02,7.845740914344787598e-01,2.367768622934818268e-02,9.471318125724792480e-01,2.302519679069519043e-01,7.517874836921691895e-01,3.422315716743469238e-01,9.354643821716308594e-01,2.386799640953540802e-02,8.434561491012573242e-01,-7.513683289289474487e-02,9.841237068176269531e-01
6.117188185453414917e-02,-4.956995248794555664e-01,5.998530238866806030e-02,9.997462034225463867e-01,-1.236168742179870605e-01,-4.832838773727416992e-01,-1.804609596729278564e-01,9.999226331710815430e-01,9.887286275625228882e-02,-2.910117208957672119e-01,-4.979185387492179871e-02,7.000501751899719238e-01,-6.511545181274414062e-02,-2.828793227672576904e-01,-1.281816810369491577e-01,9.837440252304077148e-01,1.320282816886901855e-01,-3.843093812465667725e-01,-2.896493077278137207e-01,7.388238310813903809e-01,8.441293984651565552e-02,-3.751485645771026611e-01,-1.594351045787334442e-02,9.565048217773437500e-01,1.300778388977050781e-01,-3.976041674613952637e-01,-3.286085426807403564e-01,6.332401633262634277e-01,1.323163211345672607e-01,-3.938897252082824707e-01,-1.632037945091724396e-02,9.156567454338073730e-01,1.170540750026702881e-01,-4.249892234802246094e-01,-3.132311105728149414e-01,6.302528381347656250e-01,1.138756871223449707e-01,-4.245072305202484131e-01,-2.705977857112884521e-02,9.058002829551696777e-01,1.191437244415283203e-01,-3.974296748638153076e-01,-2.914595901966094971e-01,5.970195531845092773e-01,8.600781857967376709e-02,-3.938623368740081787e-01,-1.519635412842035294e-02,8.520914912223815918e-01,7.254295796155929565e-02,-4.149634391069412231e-03,8.213335275650024414e-02,9.992614388465881348e-01,-7.280726730823516846e-02,3.263263963162899017e-03,-8.104819804430007935e-02,9.997763037681579590e-01,5.274904519319534302e-02,3.958417475223541260e-01,2.398331314325332642e-01,8.177863359451293945e-01,-4.738438129425048828e-02,3.958497941493988037e-01,-3.638796880841255188e-02,9.909409284591674805e-01,8.799295872449874878e-02,6.865381598472595215e-01,3.802258968353271484e-01,8.993890881538391113e-01,-6.291776895523071289e-02,7.389600276947021484e-01,2.580040320754051208e-02,9.876680374145507812e-01,1.068160831928253174e-01,7.275010943412780762e-01,3.857232034206390381e-01,8.895854353904724121e-01,-6.469739228487014771e-02,7.850457429885864258e-01,2.486194483935832977e-02,9.446647763252258301e-01,2.290787696838378906e-01,7.518119215965270996e-01,3.383373320102691650e-01,9.368471503257751465e-01,2.609412372112274170e-02,8.434074521064758301e-01,-7.351749390363693237e-02,9.837107658386230469e-01
6.363052874803543091e-02,-4.967475235462188721e-01,5.970678478479385376e-02,9.997552037239074707e-01,-1.221052035689353943e-01,-4.830987453460693359e-01,-1.809388995170593262e-01,9.999293684959411621e-01,1.026502400636672974e-01,-2.916810214519500732e-01,-4.999961704015731812e-02,6.876896619796752930e-01,-6.136041507124900818e-02,-2.817769646644592285e-01,-1.289115399122238159e-01,9.840794205665588379e-01,1.360276639461517334e-01,-3.845835030078887939e-01,-2.900890111923217773e-01,7.370677590370178223e-01,8.775903284549713135e-02,-3.754422664642333984e-01,-1.775245182216167450e-02,9.568567872047424316e-01,1.339572817087173462e-01,-3.977263569831848145e-01,-3.290179669857025146e-01,6.316210627555847168e-01,1.355103701353073120e-01,-3.945559859275817871e-01,-1.873107813298702240e-02,9.153345227241516113e-01,1.210640668869018555e-01,-4.245818257331848145e-01,-3.139225244522094727e-01,6.293891668319702148e-01,1.168198660016059875e-01,-4.256058931350708008e-01,-2.918433956801891327e-02,9.053159952163696289e-01,1.232302412390708923e-01,-3.974628150463104248e-01,-2.917090058326721191e-01,5.967427492141723633e-01,8.928857743740081787e-02,-3.944380283355712891e-01,-1.703330874443054199e-02,8.521004915237426758e-01,7.264725863933563232e-02,-4.374576266855001450e-03,8.240417391061782837e-02,9.992449283599853516e-01,-7.292210310697555542e-02,3.495882498100399971e-03,-8.130625635385513306e-02,9.997674226760864258e-01,5.375681817531585693e-02,3.970020413398742676e-01,2.419875115156173706e-01,8.166987299919128418e-01,-4.711343348026275635e-02,3.956144750118255615e-01,-3.731791675090789795e-02,9.909434318542480469e-01,8.922167867422103882e-02,6.888048648834228516e-01,3.839063048362731934e-01,9.023059010505676270e-01,-6.089730933308601379e-02,7.383857965469360352e-01,2.423642948269844055e-02,9.876193404197692871e-01,1.079938411712646484e-01,7.298461794853210449e-01,3.894326090812683105e-01,8.918627500534057617e-01,-6.219793111085891724e-02,7.843900322914123535e-01,2.319817431271076202e-02,9.436166882514953613e-01,2.301150411367416382e-01,7.538693547248840332e-01,3.420249819755554199e-01,9.390084147453308105e-01,2.704312466084957123e-02,8.424751758575439453e-01,-7.527830451726913452e-02,9.837767481803894043e-01
6.466840952634811401e-02,-4.968375861644744873e-01,5.938849970698356628e-02,9.997629523277282715e-01,-1.191741824150085449e-01,-4.826434552669525146e-01,-1.821373403072357178e-01,9.999353885650634766e-01,1.047181636095046997e-01,-2.920894622802734375e-01,-5.027742683887481689e-02,6.737536787986755371e-01,-5.716524645686149597e-02,-2.811639606952667236e-01,-1.295997351408004761e-01,9.842572808265686035e-01,1.406182050704956055e-01,-3.860292732715606689e-01,-2.905796766281127930e-01,7.307482361793518066e-01,9.349252283573150635e-02,-3.756257891654968262e-01,-1.921049132943153381e-02,9.566310048103332520e-01,1.389651745557785034e-01,-3.997663855552673340e-01,-3.295034468173980713e-01,6.249688863754272461e-01,1.409325450658798218e-01,-3.952774703502655029e-01,-2.058807015419006348e-02,9.139339327812194824e-01,1.254824250936508179e-01,-4.256272912025451660e-01,-3.145929276943206787e-01,6.234501004219055176e-01,1.216653808951377869e-01,-4.266124069690704346e-01,-3.100292198359966278e-02,9.035991430282592773e-01,1.277610808610916138e-01,-3.987105786800384521e-01,-2.921282947063446045e-01,5.918261408805847168e-01,9.473403543233871460e-02,-3.949571847915649414e-01,-1.859134249389171600e-02,8.503680229187011719e-01,7.245381176471710205e-02,-4.758417606353759766e-03,8.254593610763549805e-02,9.992303848266601562e-01,-7.274454087018966675e-02,3.884793259203433990e-03,-8.143834769725799561e-02,9.997563362121582031e-01,5.564974620938301086e-02,3.962363302707672119e-01,2.426473498344421387e-01,8.167611360549926758e-01,-4.578314349055290222e-02,3.961787819862365723e-01,-3.568497672677040100e-02,9.908664226531982422e-01,9.041412919759750366e-02,6.895175576210021973e-01,3.828395009040832520e-01,9.050365090370178223e-01,-5.979127064347267151e-02,7.391114234924316406e-01,2.922395057976245880e-02,9.875632524490356445e-01,1.090220212936401367e-01,7.306686043739318848e-01,3.882390558719635010e-01,8.939111232757568359e-01,-6.121297180652618408e-02,7.851471900939941406e-01,2.851483598351478577e-02,9.427317976951599121e-01,2.309050858020782471e-01,7.555403113365173340e-01,3.414080440998077393e-01,9.410152435302734375e-01,2.940746955573558807e-02,8.440716862678527832e-01,-6.930059194564819336e-02,9.837975502014160156e-01
6.948625296354293823e-02,-4.983077049255371094e-01,6.074507534503936768e-02,9.997709393501281738e-01,-1.169629171490669250e-01,-4.834689795970916748e-01,-1.823786944150924683e-01,9.999410510063171387e-01,1.086683571338653564e-01,-2.939389646053314209e-01,-4.777231067419052124e-02,6.610741615295410156e-01,-5.592056363821029663e-02,-2.808037698268890381e-01,-1.302050203084945679e-01,9.848258495330810547e-01,1.454237550497055054e-01,-3.862106800079345703e-01,-2.909068167209625244e-01,7.269109487533569336e-01,9.604132175445556641e-02,-3.742038905620574951e-01,-2.024898864328861237e-02,9.576880931854248047e-01,1.434466093778610229e-01,-3.994568586349487305e-01,-3.298339843750000000e-01,6.219506263732910156e-01,1.438059210777282715e-01,-3.934040069580078125e-01,-2.186315134167671204e-02,9.151830673217773438e-01,1.283416152000427246e-01,-4.252716004848480225e-01,-3.148669004440307617e-01,6.210333704948425293e-01,1.245415359735488892e-01,-4.252541363239288330e-01,-3.224774450063705444e-02,9.049486517906188965e-01,1.322711259126663208e-01,-3.987076282501220703e-01,-2.926392853260040283e-01,5.901588201522827148e-01,9.751164913177490234e-02,-3.936306834220886230e-01,-1.967797055840492249e-02,8.527697324752807617e-01,7.256088405847549438e-02,-4.852633457630872726e-03,8.344922959804534912e-02,9.992196559906005859e-01,-7.285279780626296997e-02,3.982159774750471115e-03,-8.231906592845916748e-02,9.997516274452209473e-01,5.908809974789619446e-02,3.955312073230743408e-01,2.406469732522964478e-01,8.177677392959594727e-01,-4.487695172429084778e-02,3.968326151371002197e-01,-4.205667972564697266e-02,9.910885691642761230e-01,9.121644496917724609e-02,6.924681663513183594e-01,3.799313306808471680e-01,9.082642793655395508e-01,-5.951952561736106873e-02,7.410742640495300293e-01,1.855991780757904053e-02,9.877691268920898438e-01,1.096580550074577332e-01,7.340456247329711914e-01,3.851061165332794189e-01,8.963326811790466309e-01,-6.017797067761421204e-02,7.872520089149475098e-01,1.762305013835430145e-02,9.427016377449035645e-01,2.313703596591949463e-01,7.593052983283996582e-01,3.384337127208709717e-01,9.432485699653625488e-01,3.369047492742538452e-02,8.460381031036376953e-01,-8.129591494798660278e-02,9.841411113739013672e-01
7.255288213491439819e-02,-4.977853894233703613e-01,6.174285709857940674e-02,9.997775554656982422e-01,-1.152928844094276428e-01,-4.836075603961944580e-01,-1.831628680229187012e-01,9.999459981918334961e-01,1.115338951349258423e-01,-2.931461334228515625e-01,-4.689805209636688232e-02,6.466743946075439453e-01,-5.207570642232894897e-02,-2.805297672748565674e-01,-1.312665343284606934e-01,9.850488901138305664e-01,1.476465016603469849e-01,-3.857939243316650391e-01,-2.911636531352996826e-01,7.228207588195800781e-01,9.837937355041503906e-02,-3.730247318744659424e-01,-2.058243751525878906e-02,9.576770067214965820e-01,1.450032442808151245e-01,-3.990124762058258057e-01,-3.300435841083526611e-01,6.195943951606750488e-01,1.455787271261215210e-01,-3.920176923274993896e-01,-2.221770770847797394e-02,9.147548675537109375e-01,1.355943381786346436e-01,-4.248801469802856445e-01,-3.156776130199432373e-01,6.192908287048339844e-01,1.249616444110870361e-01,-4.240757226943969727e-01,-3.271005675196647644e-02,9.044852256774902344e-01,1.332532316446304321e-01,-3.982906341552734375e-01,-2.929033637046813965e-01,5.887733697891235352e-01,9.952274709939956665e-02,-3.924368023872375488e-01,-2.014443278312683105e-02,8.526531457901000977e-01,7.203634828329086304e-02,-4.853982478380203247e-03,8.453655987977981567e-02,9.992097020149230957e-01,-7.234781235456466675e-02,3.984224051237106323e-03,-8.336465060710906982e-02,9.997468590736389160e-01,5.976204946637153625e-02,3.957960605621337891e-01,2.432425618171691895e-01,8.155839443206787109e-01,-4.219473898410797119e-02,3.951161205768585205e-01,-4.622928053140640259e-02,9.912371635437011719e-01,9.048955887556076050e-02,6.948233842849731445e-01,3.817441463470458984e-01,9.104254245758056641e-01,-5.843136087059974670e-02,7.399730682373046875e-01,1.647052355110645294e-02,9.879214167594909668e-01,1.089336276054382324e-01,7.367382049560546875e-01,3.866593241691589355e-01,8.976861238479614258e-01,-5.909760296344757080e-02,7.861302495002746582e-01,1.675995625555515289e-02,9.429540634155273438e-01,2.314826399087905884e-01,7.629283666610717773e-01,3.412788808345794678e-01,9.448724985122680664e-01,3.502815216779708862e-02,8.441990613937377930e-01,-8.544684946537017822e-02,9.844309687614440918e-01
8.148599416017532349e-02,-4.967008829116821289e-01,6.182805076241493225e-02,9.997894167900085449e-01,-9.816405177116394043e-02,-4.848382771015167236e-01,-1.852238625288009644e-01,9.999504089355468750e-01,1.125814542174339294e-01,-2.907528877258300781e-01,-4.706420376896858215e-02,6.399518847465515137e-01,-3.920561075210571289e-02,-2.818772494792938232e-01,-1.317016333341598511e-01,9.852909445762634277e-01,1.603003740310668945e-01,-3.856068253517150879e-01,-2.925650477409362793e-01,7.257897853851318359e-01,1.126662045717239380e-01,-3.735491037368774414e-01,-2.050488442182540894e-02,9.579496383666992188e-01,1.617090404033660889e-01,-3.986206054687500000e-01,-3.309954404830932617e-01,6.235947608947753906e-01,1.628134548664093018e-01,-3.926575183868408203e-01,-2.241460420191287994e-02,9.146814346313476562e-01,1.554019898176193237e-01,-4.245809912681579590e-01,-3.180063962936401367e-01,6.239628195762634277e-01,1.434191167354583740e-01,-4.243994355201721191e-01,-3.272687643766403198e-02,9.044136404991149902e-01,1.493313014507293701e-01,-3.980783224105834961e-01,-2.951855957508087158e-01,5.937324166297912598e-01,1.144362986087799072e-01,-3.927486240863800049e-01,-1.997837238013744354e-02,8.531432747840881348e-01,7.190634310245513916e-02,-4.860606510192155838e-03,8.587727695703506470e-02,9.992287755012512207e-01,-7.222551107406616211e-02,3.990796860307455063e-03,-8.471227437257766724e-02,9.997467994689941406e-01,6.141097471117973328e-02,3.932722210884094238e-01,2.472015619277954102e-01,8.167781829833984375e-01,-2.894504368305206299e-02,3.933823406696319580e-01,-4.787492379546165466e-02,9.915973544120788574e-01,9.045837819576263428e-02,6.921694874763488770e-01,3.843763470649719238e-01,9.137051701545715332e-01,-4.920474812388420105e-02,7.385551333427429199e-01,1.257826574146747589e-02,9.883537292480468750e-01,1.084919497370719910e-01,7.341553568840026855e-01,3.888427913188934326e-01,9.002797603607177734e-01,-4.934855550527572632e-02,7.840205430984497070e-01,1.207222230732440948e-02,9.442241787910461426e-01,2.315479069948196411e-01,7.612218856811523438e-01,3.445381224155426025e-01,9.471026659011840820e-01,4.396039247512817383e-02,8.429311513900756836e-01,-8.743648231029510498e-02,9.850678443908691406e-01
1.108614131808280945e-01,-4.962972998619079590e-01,5.535219982266426086e-02,9.997978806495666504e-01,-7.988142967224121094e-02,-4.842108190059661865e-01,-1.927939355373382568e-01,9.999541640281677246e-01,1.399625986814498901e-01,-2.842371463775634766e-01,-5.155914276838302612e-02,6.370481252670288086e-01,-1.486112363636493683e-02,-2.810707092285156250e-01,-1.368767768144607544e-01,9.855008721351623535e-01,1.905280053615570068e-01,-3.728075921535491943e-01,-3.002458214759826660e-01,7.284689545631408691e-01,1.379316896200180054e-01,-3.731678724288940430e-01,-3.024495206773281097e-02,9.589649438858032227e-01,1.924236267805099487e-01,-3.882185518741607666e-01,-3.365192711353302002e-01,6.256853342056274414e-01,1.901079416275024414e-01,-3.919577300548553467e-01,-3.477598354220390320e-02,9.158536195755004883e-01,1.895329803228378296e-01,-4.139994680881500244e-01,-3.267645835876464844e-01,6.263297200202941895e-01,1.688854545354843140e-01,-4.237968027591705322e-01,-4.447028040885925293e-02,9.057527780532836914e-01,1.818180978298187256e-01,-3.859966397285461426e-01,-3.038654029369354248e-01,5.963729619979858398e-01,1.391130089759826660e-01,-3.924795687198638916e-01,-3.001067042350769043e-02,8.556448221206665039e-01,7.223297655582427979e-02,-4.845277406275272369e-03,8.592361956834793091e-02,9.992377758026123047e-01,-7.258764654397964478e-02,3.976895939558744431e-03,-8.477431535720825195e-02,9.997438788414001465e-01,7.781318575143814087e-02,3.928887844085693359e-01,2.447738796472549438e-01,8.207331895828247070e-01,-2.461938001215457916e-02,3.922904133796691895e-01,-4.626390710473060608e-02,9.919295310974121094e-01,9.095150232315063477e-02,6.902005672454833984e-01,3.835314512252807617e-01,9.175327420234680176e-01,-4.530749097466468811e-02,7.375848293304443359e-01,2.092677354812622070e-02,9.886463880538940430e-01,1.084868684411048889e-01,7.322550415992736816e-01,3.879255950450897217e-01,9.031978845596313477e-01,-4.531411081552505493e-02,7.826898097991943359e-01,2.060973644256591797e-02,9.444307088851928711e-01,2.302491366863250732e-01,7.604894042015075684e-01,3.420899510383605957e-01,9.493179321289062500e-01,4.460558667778968811e-02,8.414984345436096191e-01,-7.869629561901092529e-02,9.855655431747436523e-01
1.316407918930053711e-01,-4.960312545299530029e-01,3.988957777619361877e-02,9.998074173927307129e-01,-6.189634650945663452e-02,-4.844175577163696289e-01,-2.101476043462753296e-01,9.999573826789855957e-01,1.747860759496688843e-01,-2.823046445846557617e-01,-5.577747151255607605e-02,6.422896385192871094e-01,6.013286300003528595e-03,-2.839622497558593750e-01,-1.615998595952987671e-01,9.854852557182312012e-01,2.233949601650238037e-01,-3.637826144695281982e-01,-3.003307878971099854e-01,7.353786230087280273e-01,1.613746881484985352e-01,-3.721285462379455566e-01,-7.077062129974365234e-02,9.598779678344726562e-01,2.239444106817245483e-01,-3.793890476226806641e-01,-3.365030288696289062e-01,6.315733790397644043e-01,2.131767570972442627e-01,-3.904765546321868896e-01,-7.758700847625732422e-02,9.173781275749206543e-01,2.186086326837539673e-01,-4.054619073867797852e-01,-3.268887102603912354e-01,6.320481896400451660e-01,1.922587752342224121e-01,-4.216054677963256836e-01,-8.737592399120330811e-02,9.074906706809997559e-01,2.138676494359970093e-01,-3.772977292537689209e-01,-3.039658665657043457e-01,6.025971770286560059e-01,1.624327450990676880e-01,-3.909481763839721680e-01,-7.118092477321624756e-02,8.582901358604431152e-01,7.226904481649398804e-02,-5.269334185868501663e-03,8.582001924514770508e-02,9.992536902427673340e-01,-7.263316214084625244e-02,4.378885496407747269e-03,-8.469402790069580078e-02,9.997473359107971191e-01,1.111943349242210388e-01,3.758056461811065674e-01,2.543740272521972656e-01,8.264884352684020996e-01,-2.254931628704071045e-02,3.925468921661376953e-01,-4.271600395441055298e-02,9.921983480453491211e-01,1.027417182922363281e-01,6.801037192344665527e-01,4.113187789916992188e-01,9.203755855560302734e-01,-4.546544700860977173e-02,7.371742129325866699e-01,2.700302936136722565e-02,9.886913299560546875e-01,1.170791238546371460e-01,7.222021222114562988e-01,4.175475239753723145e-01,9.051172137260437012e-01,-4.561384767293930054e-02,7.821252346038818359e-01,2.697379142045974731e-02,9.433286786079406738e-01,2.378515154123306274e-01,7.534878253936767578e-01,3.717886507511138916e-01,9.505994319915771484e-01,4.216349124908447266e-02,8.403814435005187988e-01,-7.333886623382568359e-02,9.856837391853332520e-01
1.498220264911651611e-01,-4.943428933620452881e-01,3.060965426266193390e-02,9.998134970664978027e-01,-4.726715758442878723e-02,-4.841281771659851074e-01,-2.227838039398193359e-01,9.999602437019348145e-01,2.003041058778762817e-01,-2.804923057556152344e-01,-5.895322561264038086e-02,6.442835330963134766e-01,2.395197004079818726e-02,-2.834782898426055908e-01,-1.757647097110748291e-01,9.854316711425781250e-01,2.488554716110229492e-01,-3.558084368705749512e-01,-3.002107739448547363e-01,7.366822361946105957e-01,1.788170635700225830e-01,-3.655333817005157471e-01,-8.674255758523941040e-02,9.607660174369812012e-01,2.495284974575042725e-01,-3.711819648742675781e-01,-3.357778489589691162e-01,6.308239698410034180e-01,2.294445633888244629e-01,-3.830406069755554199e-01,-9.396023303270339966e-02,9.189286828041076660e-01,2.429887205362319946e-01,-3.970717191696166992e-01,-3.266735374927520752e-01,6.307085156440734863e-01,2.096498906612396240e-01,-4.131323099136352539e-01,-1.036020293831825256e-01,9.092346429824829102e-01,2.386974990367889404e-01,-3.692492842674255371e-01,-3.038426637649536133e-01,6.020431518554687500e-01,1.798493564128875732e-01,-3.835521638393402100e-01,-8.724733442068099976e-02,8.609176874160766602e-01,7.252760976552963257e-02,-5.761550273746252060e-03,8.536441624164581299e-02,9.992549419403076172e-01,-7.292005419731140137e-02,4.848153330385684967e-03,-8.429167419672012329e-02,9.997504353523254395e-01,1.322907358407974243e-01,3.604426085948944092e-01,2.557478845119476318e-01,8.334055542945861816e-01,-2.262230589985847473e-02,3.940398693084716797e-01,-4.160302132368087769e-02,9.923902153968811035e-01,1.103693023324012756e-01,6.669886708259582520e-01,4.204041957855224609e-01,9.227928519248962402e-01,-4.538415372371673584e-02,7.362229824066162109e-01,2.550025470554828644e-02,9.885757565498352051e-01,1.223205476999282837e-01,7.090721726417541504e-01,4.275318384170532227e-01,9.067826867103576660e-01,-4.558481276035308838e-02,7.812780141830444336e-01,2.515998296439647675e-02,9.416050910949707031e-01,2.408990561962127686e-01,7.454327344894409180e-01,3.818030655384063721e-01,9.513687491416931152e-01,3.813935071229934692e-02,8.410365581512451172e-01,-7.615962624549865723e-02,9.855839014053344727e-01
1.637995243072509766e-01,-4.877795875072479248e-01,3.074098192155361176e-02,9.998125433921813965e-01,-3.020941279828548431e-02,-4.798595905303955078e-01,-2.307343035936355591e-01,9.999619126319885254e-01,2.169880270957946777e-01,-2.779652476310729980e-01,-6.047320738434791565e-02,6.419476866722106934e-01,3.390715643763542175e-02,-2.748461961746215820e-01,-1.827523261308670044e-01,9.859331846237182617e-01,2.701511383056640625e-01,-3.563494682312011719e-01,-3.014303147792816162e-01,7.324590682983398438e-01,1.917464286088943481e-01,-3.511427342891693115e-01,-9.220032393932342529e-02,9.626143574714660645e-01,2.740376293659210205e-01,-3.719613254070281982e-01,-3.367086946964263916e-01,6.246570944786071777e-01,2.447741925716400146e-01,-3.693273663520812988e-01,-9.947130084037780762e-02,9.221746325492858887e-01,2.653807997703552246e-01,-3.975891172885894775e-01,-3.275816738605499268e-01,6.238825917243957520e-01,2.250298857688903809e-01,-4.010080397129058838e-01,-1.088204234838485718e-01,9.128720164299011230e-01,2.596490085124969482e-01,-3.697876632213592529e-01,-3.051672577857971191e-01,5.967571735382080078e-01,1.928385347127914429e-01,-3.699350953102111816e-01,-9.245338290929794312e-02,8.661534786224365234e-01,7.249442487955093384e-02,-6.213910412043333054e-03,8.537978678941726685e-02,9.992470741271972656e-01,-7.289216667413711548e-02,5.274330265820026398e-03,-8.431313186883926392e-02,9.997349381446838379e-01,1.524137109518051147e-01,3.478052318096160889e-01,2.426670938730239868e-01,8.357286453247070312e-01,-1.183026470243930817e-02,3.943483233451843262e-01,-4.173038527369499207e-02,9.920465350151062012e-01,1.172920390963554382e-01,6.554322242736816406e-01,4.104235470294952393e-01,9.207699894905090332e-01,-4.552457109093666077e-02,7.355689406394958496e-01,3.358663246035575867e-02,9.875362515449523926e-01,1.274463087320327759e-01,6.978195309638977051e-01,4.174823462963104248e-01,9.023048877716064453e-01,-4.596090689301490784e-02,7.806603908538818359e-01,3.387987613677978516e-02,9.367730021476745605e-01,2.448771148920059204e-01,7.331762909889221191e-01,3.690959513187408447e-01,9.495609998703002930e-01,3.818521276116371155e-02,8.360857963562011719e-01,-7.213127613067626953e-02,9.845955371856689453e-01
1.750759482383728027e-01,-4.801483154296875000e-01,3.174571692943572998e-02,9.998080134391784668e-01,-1.443709898740053177e-02,-4.733046591281890869e-01,-2.303308844566345215e-01,9.999608993530273438e-01,2.351705580949783325e-01,-2.734222710132598877e-01,-6.040028855204582214e-02,6.455033421516418457e-01,5.498261004686355591e-02,-2.632158398628234863e-01,-1.851273179054260254e-01,9.862539172172546387e-01,2.901384532451629639e-01,-3.572864532470703125e-01,-3.020212948322296143e-01,7.330886721611022949e-01,2.015134394168853760e-01,-3.411159217357635498e-01,-9.508541971445083618e-02,9.639760851860046387e-01,2.958747446537017822e-01,-3.727120459079742432e-01,-3.376411199569702148e-01,6.244207620620727539e-01,2.515320479869842529e-01,-3.597057163715362549e-01,-1.026158779859542847e-01,9.246499538421630859e-01,2.866068780422210693e-01,-3.985044360160827637e-01,-3.283318281173706055e-01,6.228289604187011719e-01,2.303376197814941406e-01,-3.913618624210357666e-01,-1.114931255578994751e-01,9.157133698463439941e-01,2.800120115280151367e-01,-3.707269430160522461e-01,-3.058710694313049316e-01,5.967121720314025879e-01,2.014343738555908203e-01,-3.596887886524200439e-01,-9.534554183483123779e-02,8.704205155372619629e-01,7.229029387235641479e-02,-6.488362792879343033e-03,8.661417663097381592e-02,9.992397427558898926e-01,-7.268591225147247314e-02,5.528694484382867813e-03,-8.555144816637039185e-02,9.997029304504394531e-01,1.792023330926895142e-01,3.311168551445007324e-01,2.115814089775085449e-01,8.349979519844055176e-01,1.424590125679969788e-02,3.940298855304718018e-01,-6.167063489556312561e-02,9.916517138481140137e-01,1.182378008961677551e-01,6.467503309249877930e-01,3.602595627307891846e-01,9.152180552482604980e-01,-4.553584754467010498e-02,7.261773347854614258e-01,3.227521479129791260e-02,9.855038523674011230e-01,1.272464245557785034e-01,6.903889179229736328e-01,3.648073673248291016e-01,8.917289972305297852e-01,-4.670484736561775208e-02,7.711232900619506836e-01,3.248874098062515259e-02,9.291693568229675293e-01,2.449552118778228760e-01,7.275990843772888184e-01,3.184492290019989014e-01,9.453853368759155273e-01,3.925174102187156677e-02,8.206399083137512207e-01,-7.392346113920211792e-02,9.828466176986694336e-01
1.877866238355636597e-01,-4.740425944328308105e-01,3.815525770187377930e-02,9.998030662536621094e-01,4.383656778372824192e-04,-4.678495228290557861e-01,-2.297408282756805420e-01,9.999558329582214355e-01,2.520814239978790283e-01,-2.661603391170501709e-01,-5.186203122138977051e-02,6.493681073188781738e-01,9.204975515604019165e-02,-2.565126717090606689e-01,-1.843771487474441528e-01,9.862598776817321777e-01,3.072262108325958252e-01,-3.568058609962463379e-01,-2.953064441680908203e-01,7.278501987457275391e-01,2.246907651424407959e-01,-3.394108712673187256e-01,-8.841604739427566528e-02,9.644334316253662109e-01,3.148325681686401367e-01,-3.730297088623046875e-01,-3.317678868770599365e-01,6.188514232635498047e-01,2.697804868221282959e-01,-3.584417104721069336e-01,-9.508301317691802979e-02,9.258357882499694824e-01,2.997471988201141357e-01,-3.986159563064575195e-01,-3.217500448226928711e-01,6.167424917221069336e-01,2.445244789123535156e-01,-3.893472552299499512e-01,-1.042567491531372070e-01,9.171773195266723633e-01,2.953667044639587402e-01,-3.701957464218139648e-01,-2.994360923767089844e-01,5.922024846076965332e-01,2.221475690603256226e-01,-3.575155436992645264e-01,-8.851601928472518921e-02,8.726081848144531250e-01,7.231543213129043579e-02,-6.493060849606990814e-03,8.877301216125488281e-02,9.992383122444152832e-01,-7.271145284175872803e-02,5.531582981348037720e-03,-8.762555569410324097e-02,9.996643662452697754e-01,2.038893103599548340e-01,3.148092329502105713e-01,1.715314239263534546e-01,8.346202969551086426e-01,3.549692407250404358e-02,3.719799518585205078e-01,-1.044459044933319092e-01,9.913502931594848633e-01,1.195935159921646118e-01,6.366084814071655273e-01,3.036423623561859131e-01,9.097162485122680664e-01,-3.622034192085266113e-02,7.004442811012268066e-01,-1.887599937617778778e-02,9.844483137130737305e-01,1.270259469747543335e-01,6.818071603775024414e-01,3.067724406719207764e-01,8.827009797096252441e-01,-3.950345143675804138e-02,7.466298937797546387e-01,-1.841925270855426788e-02,9.257841110229492188e-01,2.450119107961654663e-01,7.264227271080017090e-01,2.636809349060058594e-01,9.415949583053588867e-01,5.354699492454528809e-02,7.961388230323791504e-01,-1.187623962759971619e-01,9.820832014083862305e-01
2.013732641935348511e-01,-4.706383049488067627e-01,4.693498089909553528e-02,9.998098611831665039e-01,1.700538769364356995e-02,-4.620035886764526367e-01,-2.280487120151519775e-01,9.999501109123229980e-01,2.750405073165893555e-01,-2.647822499275207520e-01,-4.008729010820388794e-02,6.636605262756347656e-01,1.207776963710784912e-01,-2.544310688972473145e-01,-1.833211779594421387e-01,9.859291315078735352e-01,3.233776092529296875e-01,-3.572272360324859619e-01,-2.841341197490692139e-01,7.333032488822937012e-01,2.430746704339981079e-01,-3.398889899253845215e-01,-8.377237617969512939e-02,9.643370509147644043e-01,3.293051123619079590e-01,-3.735233247280120850e-01,-3.234673738479614258e-01,6.254905462265014648e-01,2.836461663246154785e-01,-3.587501645088195801e-01,-9.205685555934906006e-02,9.265098571777343750e-01,3.075222969055175781e-01,-3.990627229213714600e-01,-3.130383193492889404e-01,6.232029795646667480e-01,2.571364939212799072e-01,-3.885067403316497803e-01,-1.018311604857444763e-01,9.180731177330017090e-01,3.088888823986053467e-01,-3.706445991992950439e-01,-2.885041236877441406e-01,5.996533632278442383e-01,2.393295913934707642e-01,-3.572887480258941650e-01,-8.453599363565444946e-02,8.737784624099731445e-01,7.236024737358093262e-02,-6.438784301280975342e-03,9.011962264776229858e-02,9.992749691009521484e-01,-7.273864001035690308e-02,5.483534652739763260e-03,-8.889569342136383057e-02,9.996676445007324219e-01,2.560167610645294189e-01,2.915188670158386230e-01,1.586424112319946289e-01,8.405188322067260742e-01,5.022313073277473450e-02,3.275375664234161377e-01,-1.453775465488433838e-01,9.916225671768188477e-01,1.525421142578125000e-01,6.108995079994201660e-01,2.965150177478790283e-01,9.101904630661010742e-01,-2.151171676814556122e-02,6.699608564376831055e-01,-7.158611714839935303e-02,9.847565293312072754e-01,1.552140265703201294e-01,6.566241979598999023e-01,3.008141517639160156e-01,8.808969259262084961e-01,-2.527623251080513000e-02,7.176141738891601562e-01,-7.178840041160583496e-02,9.267551302909851074e-01,2.758210897445678711e-01,7.089412212371826172e-01,2.633074820041656494e-01,9.413202404975891113e-01,6.959815323352813721e-02,7.678717374801635742e-01,-1.677255034446716309e-01,9.824521541595458984e-01
2.197714000940322876e-01,-4.605278074741363525e-01,6.479632109403610229e-02,9.998144507408142090e-01,2.845831960439682007e-02,-4.505222141742706299e-01,-2.263041734695434570e-01,9.999299049377441406e-01,3.071554005146026611e-01,-2.583672404289245605e-01,-3.249306231737136841e-02,6.807649135589599609e-01,1.388508975505828857e-01,-2.438341677188873291e-01,-1.914197951555252075e-01,9.855817556381225586e-01,3.416673839092254639e-01,-3.576549291610717773e-01,-2.806281447410583496e-01,7.407796978950500488e-01,2.537199556827545166e-01,-3.374815881252288818e-01,-8.203918486833572388e-02,9.641347527503967285e-01,3.442639708518981934e-01,-3.744518160820007324e-01,-3.220870792865753174e-01,6.355617046356201172e-01,2.896635830402374268e-01,-3.560051321983337402e-01,-9.054828435182571411e-02,9.273145198822021484e-01,3.235579729080200195e-01,-4.004844725131988525e-01,-3.124128878116607666e-01,6.329995989799499512e-01,2.664787471294403076e-01,-3.851119279861450195e-01,-9.863915294408798218e-02,9.191321730613708496e-01,3.278442621231079102e-01,-3.710627853870391846e-01,-2.852170169353485107e-01,6.091237068176269531e-01,2.511989772319793701e-01,-3.535604774951934814e-01,-8.213264495134353638e-02,8.746433854103088379e-01,7.240658998489379883e-02,-5.293856374919414520e-03,9.219448268413543701e-02,9.993312358856201172e-01,-7.276460528373718262e-02,4.384721629321575165e-03,-9.089033305644989014e-02,9.996798634529113770e-01,2.684774696826934814e-01,2.486229538917541504e-01,8.427526801824569702e-02,8.470984697341918945e-01,9.594549238681793213e-02,2.452810406684875488e-01,-2.117389142513275146e-01,9.919710159301757812e-01,1.549434065818786621e-01,5.760300755500793457e-01,1.627162992954254150e-01,9.129559993743896484e-01,-7.910839281976222992e-03,6.001900434494018555e-01,-1.432371884584426880e-01,9.848007559776306152e-01,1.550472229719161987e-01,6.214519143104553223e-01,1.621635258197784424e-01,8.825520277023315430e-01,-1.718672737479209900e-02,6.469789743423461914e-01,-1.415254026651382446e-01,9.263755679130554199e-01,2.731389701366424561e-01,6.758922338485717773e-01,1.210196316242218018e-01,9.428875446319580078e-01,7.202842086553573608e-02,7.101494073867797852e-01,-2.161825299263000488e-01,9.826484322547912598e-01
2.355725020170211792e-01,-4.459145367145538330e-01,6.943393498659133911e-02,9.998123049736022949e-01,3.857957944273948669e-02,-4.369176626205444336e-01,-2.260930538177490234e-01,9.999068379402160645e-01,3.238373398780822754e-01,-2.469573169946670532e-01,-3.402417898178100586e-02,6.934350728988647461e-01,1.512818187475204468e-01,-2.308342456817626953e-01,-1.934877038002014160e-01,9.849069118499755859e-01,3.451264202594757080e-01,-3.571010529994964600e-01,-2.824520170688629150e-01,7.363597750663757324e-01,2.668287754058837891e-01,-3.306549787521362305e-01,-8.017104119062423706e-02,9.622881412506103516e-01,3.450547158718109131e-01,-3.747484087944030762e-01,-3.252939283847808838e-01,6.317051649093627930e-01,3.033940196037292480e-01,-3.498491346836090088e-01,-8.821909874677658081e-02,9.253203868865966797e-01,3.221225738525390625e-01,-4.007577598094940186e-01,-3.142807781696319580e-01,6.288222670555114746e-01,2.783292829990386963e-01,-3.790974617004394531e-01,-9.678768366575241089e-02,9.171624779701232910e-01,3.294737637042999268e-01,-3.708116412162780762e-01,-2.863650023937225342e-01,6.045305132865905762e-01,2.634202539920806885e-01,-3.464800715446472168e-01,-8.028491586446762085e-02,8.712064027786254883e-01,7.310599833726882935e-02,-3.901721211150288582e-03,9.298931062221527100e-02,9.993867874145507812e-01,-7.339064776897430420e-02,3.049578750506043434e-03,-9.166032075881958008e-02,9.996949434280395508e-01,2.832916080951690674e-01,2.113541066646575928e-01,2.587125450372695923e-02,8.562150001525878906e-01,1.053800508379936218e-01,2.014544308185577393e-01,-2.393134385347366333e-01,9.923509955406188965e-01,1.766936480998992920e-01,5.322573184967041016e-01,8.262098580598831177e-02,9.172924757003784180e-01,-1.119912602007389069e-02,5.496314167976379395e-01,-1.554939597845077515e-01,9.850680828094482422e-01,1.755325049161911011e-01,5.766173601150512695e-01,8.036942780017852783e-02,8.868378996849060059e-01,-1.899474859237670898e-02,5.954767465591430664e-01,-1.519117355346679688e-01,9.272987246513366699e-01,2.911807298660278320e-01,6.242901086807250977e-01,3.228197246789932251e-02,9.454475641250610352e-01,6.734535843133926392e-02,6.577906012535095215e-01,-2.249903380870819092e-01,9.829299449920654297e-01
2.491604685783386230e-01,-4.289627671241760254e-01,6.568291038274765015e-02,9.998147487640380859e-01,4.713040590286254883e-02,-4.184778034687042236e-01,-2.259512394666671753e-01,9.998791813850402832e-01,3.326961398124694824e-01,-2.304065525531768799e-01,-5.255498364567756653e-02,7.079386711120605469e-01,1.559047251939773560e-01,-2.065252214670181274e-01,-1.944577842950820923e-01,9.839286804199218750e-01,3.471848666667938232e-01,-3.507652878761291504e-01,-3.213358819484710693e-01,7.351345419883728027e-01,2.723723649978637695e-01,-3.107792437076568604e-01,-8.292241394519805908e-02,9.596346020698547363e-01,3.463856875896453857e-01,-3.720796406269073486e-01,-3.660122156143188477e-01,6.312413811683654785e-01,3.118188977241516113e-01,-3.318493366241455078e-01,-9.222239255905151367e-02,9.225168228149414062e-01,3.198975324630737305e-01,-3.988195061683654785e-01,-3.516944944858551025e-01,6.281599998474121094e-01,2.834007441997528076e-01,-3.643608987331390381e-01,-1.006927490234375000e-01,9.142838120460510254e-01,3.293998837471008301e-01,-3.656944930553436279e-01,-3.238018751144409180e-01,6.032236218452453613e-01,2.682470679283142090e-01,-3.287637531757354736e-01,-8.342368900775909424e-02,8.658469319343566895e-01,7.362218946218490601e-02,-3.706056158989667892e-03,9.315709769725799561e-02,9.994412660598754883e-01,-7.381211966276168823e-02,2.876620972529053688e-03,-9.182579815387725830e-02,9.997125864028930664e-01,3.012450039386749268e-01,1.763552725315093994e-01,1.052782963961362839e-02,8.662891983985900879e-01,1.334901750087738037e-01,1.922432482242584229e-01,-2.416917532682418823e-01,9.927940964698791504e-01,1.840011328458786011e-01,4.886910021305084229e-01,8.180665224790573120e-02,9.221679568290710449e-01,-1.020768098533153534e-02,5.098627209663391113e-01,-1.302838623523712158e-01,9.856300354003906250e-01,1.824607998132705688e-01,5.329641103744506836e-01,8.243542909622192383e-02,8.922735452651977539e-01,-2.046612091362476349e-02,5.528554916381835938e-01,-1.246112659573554993e-01,9.296516180038452148e-01,2.988697588443756104e-01,5.883882641792297363e-01,3.992363438010215759e-02,9.484240412712097168e-01,6.577645242214202881e-02,6.198486685752868652e-01,-1.984194815158843994e-01,9.834532141685485840e-01
2.662570774555206299e-01,-4.162436723709106445e-01,6.276443600654602051e-02,9.998176693916320801e-01,5.399287492036819458e-02,-4.027539193630218506e-01,-2.225235551595687866e-01,9.998420476913452148e-01,3.557180166244506836e-01,-2.203011363744735718e-01,-6.253864616155624390e-02,7.237766981124877930e-01,1.678983718156814575e-01,-1.915309876203536987e-01,-1.941742748022079468e-01,9.829366207122802734e-01,3.520416915416717529e-01,-3.440079391002655029e-01,-3.308307528495788574e-01,7.379292845726013184e-01,2.842342257499694824e-01,-2.982925176620483398e-01,-8.446297049522399902e-02,9.571106433868408203e-01,3.481819331645965576e-01,-3.691407144069671631e-01,-3.741810321807861328e-01,6.356866359710693359e-01,3.234184086322784424e-01,-3.205449879169464111e-01,-9.474597126245498657e-02,9.198707342147827148e-01,3.210201263427734375e-01,-3.954534232616424561e-01,-3.590193092823028564e-01,6.323143839836120605e-01,2.944519221782684326e-01,-3.544120788574218750e-01,-1.014211773872375488e-01,9.116678237915039062e-01,3.338348567485809326e-01,-3.592140972614288330e-01,-3.318922519683837891e-01,6.063011884689331055e-01,2.800913155078887939e-01,-3.168201148509979248e-01,-8.459128439426422119e-02,8.611021637916564941e-01,7.581979036331176758e-02,-3.654612228274345398e-03,9.293255209922790527e-02,9.994922280311584473e-01,-7.585886865854263306e-02,2.838816959410905838e-03,-9.161437302827835083e-02,9.997313618659973145e-01,3.096838593482971191e-01,1.358147114515304565e-01,-3.354368731379508972e-02,8.759866356849670410e-01,1.271641403436660767e-01,1.731965541839599609e-01,-2.671253383159637451e-01,9.932232499122619629e-01,1.859590411186218262e-01,4.537179768085479736e-01,5.376112088561058044e-02,9.271112680435180664e-01,-3.098109038546681404e-03,4.775013327598571777e-01,-1.181196048855781555e-01,9.862432479858398438e-01,1.832365691661834717e-01,4.980839490890502930e-01,5.783725902438163757e-02,8.979269266128540039e-01,-1.586523838341236115e-02,5.182981491088867188e-01,-1.094728112220764160e-01,9.323755502700805664e-01,2.963523268699645996e-01,5.650174617767333984e-01,1.955501548945903778e-02,9.513266682624816895e-01,6.470795720815658569e-02,5.935725569725036621e-01,-1.927310973405838013e-01,9.840397834777832031e-01
2.801516950130462646e-01,-4.037852287292480469e-01,5.347571149468421936e-02,9.998266696929931641e-01,6.280663609504699707e-02,-3.904252052307128906e-01,-2.221906781196594238e-01,9.998280405998229980e-01,3.743689060211181641e-01,-2.046865522861480713e-01,-7.449417561292648315e-02,7.420198917388916016e-01,1.750574856996536255e-01,-1.790157258510589600e-01,-1.977408379316329956e-01,9.821267724037170410e-01,3.539870977401733398e-01,-3.264315724372863770e-01,-3.385834395885467529e-01,7.470388412475585938e-01,2.890349328517913818e-01,-2.877522110939025879e-01,-9.183709323406219482e-02,9.553857445716857910e-01,3.457275032997131348e-01,-3.543152511119842529e-01,-3.814436793327331543e-01,6.467691063880920410e-01,3.261544704437255859e-01,-3.115835785865783691e-01,-1.037299856543540955e-01,9.186244010925292969e-01,3.178326487541198730e-01,-3.807952404022216797e-01,-3.647699058055877686e-01,6.431069970130920410e-01,2.983996272087097168e-01,-3.455723226070404053e-01,-1.082338541746139526e-01,9.106007218360900879e-01,3.348886966705322266e-01,-3.418005704879760742e-01,-3.381639420986175537e-01,6.156150698661804199e-01,2.850901484489440918e-01,-3.063876032829284668e-01,-9.165808558464050293e-02,8.586766719818115234e-01,7.841149717569351196e-02,-3.554311115294694901e-03,9.277427941560745239e-02,9.995394349098205566e-01,-7.832133769989013672e-02,2.762585412710905075e-03,-9.146854281425476074e-02,9.997530579566955566e-01,3.192495405673980713e-01,1.096939817070960999e-01,-3.785426169633865356e-02,8.851420283317565918e-01,1.256692111492156982e-01,1.563477516174316406e-01,-3.016623258590698242e-01,9.936983585357666016e-01,2.047465443611145020e-01,4.249412715435028076e-01,6.137844920158386230e-02,9.319944381713867188e-01,3.382188268005847931e-03,4.583496451377868652e-01,-1.429650932550430298e-01,9.870399236679077148e-01,2.019272595643997192e-01,4.689966738224029541e-01,6.725243479013442993e-02,9.034457206726074219e-01,-1.032805629074573517e-02,4.980397522449493408e-01,-1.301485449075698853e-01,9.359786510467529297e-01,3.119478523731231689e-01,5.387563705444335938e-01,3.020592220127582550e-02,9.541320800781250000e-01,6.397026032209396362e-02,5.740731954574584961e-01,-1.948119252920150757e-01,9.848891496658325195e-01
2.940394282341003418e-01,-3.872921764850616455e-01,4.812514781951904297e-02,9.998311996459960938e-01,6.637899577617645264e-02,-3.809820711612701416e-01,-2.211517989635467529e-01,9.998261332511901855e-01,3.929499387741088867e-01,-1.887263208627700806e-01,-7.988652586936950684e-02,7.592704296112060547e-01,1.771265417337417603e-01,-1.629770100116729736e-01,-1.982284933328628540e-01,9.811784029006958008e-01,3.587782084941864014e-01,-3.119589388370513916e-01,-3.348321616649627686e-01,7.538028955459594727e-01,2.950650751590728760e-01,-2.711658179759979248e-01,-9.139353781938552856e-02,9.541363120079040527e-01,3.450302481651306152e-01,-3.401746153831481934e-01,-3.767491579055786133e-01,6.536417603492736816e-01,3.317194581031799316e-01,-2.955389916896820068e-01,-1.026973649859428406e-01,9.176809191703796387e-01,3.162871301174163818e-01,-3.691087961196899414e-01,-3.604470789432525635e-01,6.493930816650390625e-01,3.061437010765075684e-01,-3.298126459121704102e-01,-1.065868660807609558e-01,9.097652435302734375e-01,3.382236361503601074e-01,-3.283530175685882568e-01,-3.343029320240020752e-01,6.197596192359924316e-01,2.918310761451721191e-01,-2.899512946605682373e-01,-9.086216986179351807e-02,8.561447262763977051e-01,8.419875800609588623e-02,-3.153248457238078117e-03,9.181719273328781128e-02,9.995801448822021484e-01,-8.403332531452178955e-02,2.405211096629500389e-03,-9.051539003849029541e-02,9.997746348381042480e-01,3.307214975357055664e-01,7.298826426267623901e-02,-1.882037334144115448e-02,8.943241834640502930e-01,1.164195165038108826e-01,1.349884420633316040e-01,-3.548076152801513672e-01,9.941802024841308594e-01,2.377811223268508911e-01,3.706496059894561768e-01,9.924278408288955688e-02,9.365379810333251953e-01,1.364149525761604309e-02,4.328713715076446533e-01,-1.965689063072204590e-01,9.878774285316467285e-01,2.361426502466201782e-01,4.140709936618804932e-01,1.060123294591903687e-01,9.086174964904785156e-01,1.911567960632964969e-04,4.711973667144775391e-01,-1.829213649034500122e-01,9.396721124649047852e-01,3.370653986930847168e-01,4.853557348251342773e-01,6.738626211881637573e-02,9.566068649291992188e-01,6.355200707912445068e-02,5.380111932754516602e-01,-2.524062097072601318e-01,9.858293533325195312e-01
